kernel_name,launch_count,total_duration_ms,avg_duration_us
"void at::native::elementwise_kernel<128, 4, at::native::gpu_kernel_impl_nocast<at::native::CUDAFunctor_add<c10::Half> >(at::TensorIteratorBase&, at::native::CUDAFunctor_add<c10::Half> const&)::{lambda(int)#1}>(int, at::native::gpu_kernel_impl_nocast<at::native::CUDAFunctor_add<c10::Half> >(at::TensorIteratorBase&, at::native::CUDAFunctor_add<c10::Half> const&)::{lambda(int)#1})",576,6.07446,10.5459
"void cutlass::Kernel2<cutlass_80_tensorop_f16_s16816gemm_relu_f16_128x64_64x3_tn_align8>(cutlass_80_tensorop_f16_s16816gemm_relu_f16_128x64_64x3_tn_align8::Params)",2025,1234.58,609.669
"void at::native::(anonymous namespace)::CatArrayBatchedCopy<at::native::(anonymous namespace)::OpaqueType<4u>, unsigned int, 3, 64, 64>(at::native::(anonymous namespace)::OpaqueType<4u>*, at::native::(anonymous namespace)::CatArrInputTensorMetadata<at::native::(anonymous namespace)::OpaqueType<4u>, unsigned int, 64, 64>, at::native::(anonymous namespace)::TensorSizeStride<unsigned int, 4u>, int, unsigned int)",9,0.014593,1.62144
"void at::native::vectorized_elementwise_kernel<4, at::native::AUnaryFunctor<float, float, float, at::native::binary_internal::MulFunctor<float> >, std::array<char*, 2ul> >(int, at::native::AUnaryFunctor<float, float, float, at::native::binary_internal::MulFunctor<float> >, std::array<char*, 2ul>)",598,0.543119,0.908226
"void at::native::elementwise_kernel<128, 2, at::native::gpu_kernel_impl_nocast<at::native::direct_copy_kernel_cuda(at::TensorIteratorBase&)::{lambda()#3}::operator()() const::{lambda()#4}::operator()() const::{lambda(long)#1}>(at::TensorIteratorBase&, at::native::direct_copy_kernel_cuda(at::TensorIteratorBase&)::{lambda()#3}::operator()() const::{lambda()#4}::operator()() const::{lambda(long)#1} const&)::{lambda(int)#1}>(int, at::native::gpu_kernel_impl_nocast<at::native::direct_copy_kernel_cuda(at::TensorIteratorBase&)::{lambda()#3}::operator()() const::{lambda()#4}::operator()() const::{lambda(long)#1}>(at::TensorIteratorBase&, at::native::direct_copy_kernel_cuda(at::TensorIteratorBase&)::{lambda()#3}::operator()() const::{lambda()#4}::operator()() const::{lambda(long)#1} const&)::{lambda(int)#1})",598,0.694303,1.16104
"void at::native::(anonymous namespace)::CatArrayBatchedCopy_vectorized<at::native::(anonymous namespace)::OpaqueType<4u>, unsigned int, 3, 128, 1, 16, 4>(char*, at::native::(anonymous namespace)::CatArrInputTensorMetadata<at::native::(anonymous namespace)::OpaqueType<4u>, unsigned int, 128, 1>, at::native::(anonymous namespace)::TensorSizeStride<unsigned int, 4u>, int, unsigned int)",290,0.295907,1.02037
"void at::native::index_elementwise_kernel<128, 4, at::native::gpu_index_kernel<at::native::index_kernel_impl<at::native::OpaqueType<1> >(at::TensorIteratorBase&, c10::ArrayRef<long>, c10::ArrayRef<long>)::{lambda(char*, char const*, long)#1}>(at::TensorIteratorBase&, c10::ArrayRef<long>, c10::ArrayRef<long>, at::native::index_kernel_impl<at::native::OpaqueType<1> >(at::TensorIteratorBase&, c10::ArrayRef<long>, c10::ArrayRef<long>)::{lambda(char*, char const*, long)#1} const&, bool)::{lambda(int)#1}>(long, at::native::gpu_index_kernel<at::native::index_kernel_impl<at::native::OpaqueType<1> >(at::TensorIteratorBase&, c10::ArrayRef<long>, c10::ArrayRef<long>)::{lambda(char*, char const*, long)#1}>(at::TensorIteratorBase&, c10::ArrayRef<long>, c10::ArrayRef<long>, at::native::index_kernel_impl<at::native::OpaqueType<1> >(at::TensorIteratorBase&, c10::ArrayRef<long>, c10::ArrayRef<long>)::{lambda(char*, char const*, long)#1} const&, bool)::{lambda(int)#1})",299,1.10986,3.71192
"void at::native::reduce_kernel<512, 1, at::native::ReduceOp<bool, at::native::func_wrapper_t<bool, at::native::and_kernel_cuda(at::TensorIterator&)::{lambda()#1}::operator()() const::{lambda()#12}::operator()() const::{lambda(bool, bool)#1}>, unsigned int, bool, 4, 4> >(at::native::ReduceOp<bool, at::native::func_wrapper_t<bool, at::native::and_kernel_cuda(at::TensorIterator&)::{lambda()#1}::operator()() const::{lambda()#12}::operator()() const::{lambda(bool, bool)#1}>, unsigned int, bool, 4, 4>)",299,0.577056,1.92995
"void gemmk1_kernel<int, float, 256, 5, true, false, false, false, cublasGemvTensorStridedBatched<float const>, cublasGemvTensorStridedBatched<float const>, cublasGemvTensorStridedBatched<float>, float, 0>(cublasGemmk1Params<float, cublasGemvTensorStridedBatched<float const>, cublasGemvTensorStridedBatched<float const>, cublasGemvTensorStridedBatched<float>, float, biasType<cublasGemvTensorStridedBatched<float>::value_type, float>::type>)",290,0.346376,1.1944
"void at::native::unrolled_elementwise_kernel<at::native::direct_copy_kernel_cuda(at::TensorIteratorBase&)::{lambda()#3}::operator()() const::{lambda()#11}::operator()() const::{lambda(bool)#1}, std::array<char*, 2ul>, 4, TrivialOffsetCalculator<1, unsigned int>, TrivialOffsetCalculator<1, unsigned int>, at::native::memory::LoadWithCast<1>, at::native::memory::StoreWithCast<1> >(int, at::native::direct_copy_kernel_cuda(at::TensorIteratorBase&)::{lambda()#3}::operator()() const::{lambda()#11}::operator()() const::{lambda(bool)#1}, std::array<char*, 2ul>, TrivialOffsetCalculator<1, unsigned int>, TrivialOffsetCalculator<1, unsigned int>, at::native::memory::LoadWithCast<1>, at::native::memory::StoreWithCast<1>)",299,0.594344,1.98777
"void at::native::(anonymous namespace)::indexSelectSmallIndex<c10::Half, long, unsigned int, 2, 2, -2>(at::cuda::detail::TensorInfo<c10::Half, unsigned int>, at::cuda::detail::TensorInfo<c10::Half const, unsigned int>, at::cuda::detail::TensorInfo<long const, unsigned int>, int, int, unsigned int, long)",290,1.16068,4.00234
"void gemmk1_kernel<int, float, 256, 5, false, false, false, false, cublasGemvTensorStridedBatched<float const>, cublasGemvTensorStridedBatched<float const>, cublasGemvTensorStridedBatched<float>, float, 0>(cublasGemmk1Params<float, cublasGemvTensorStridedBatched<float const>, cublasGemvTensorStridedBatched<float const>, cublasGemvTensorStridedBatched<float>, float, biasType<cublasGemvTensorStridedBatched<float>::value_type, float>::type>)",9,0.012065,1.34056
"void at::native::reduce_kernel<512, 1, at::native::ReduceOp<c10::Half, at::native::ArgMaxOps<float>, unsigned int, long, 4, 4> >(at::native::ReduceOp<c10::Half, at::native::ArgMaxOps<float>, unsigned int, long, 4, 4>)",300,9.37402,31.2467
"void at::native::vectorized_gather_kernel<16, long>(char*, char*, long*, int, long, long, long, long, bool)",9,0.058559,6.50656
"void at::native::vectorized_elementwise_kernel<2, at::native::CUDAFunctorOnSelf_add<long>, std::array<char*, 2ul> >(int, at::native::CUDAFunctorOnSelf_add<long>, std::array<char*, 2ul>)",897,0.990122,1.10381
"void at::native::(anonymous namespace)::CatArrayBatchedCopy_alignedK_contig<at::native::(anonymous namespace)::OpaqueType<8u>, unsigned int, 2, 128, 1, 16>(at::native::(anonymous namespace)::OpaqueType<8u>*, at::native::(anonymous namespace)::CatArrInputTensorMetadata<at::native::(anonymous namespace)::OpaqueType<8u>, unsigned int, 128, 1>, at::native::(anonymous namespace)::TensorSizeStride<unsigned int, 4u>, int, unsigned int)",300,0.380328,1.26776
"void at::native::vectorized_elementwise_kernel<4, at::native::BinaryFunctor<c10::Half, c10::Half, c10::Half, at::native::binary_internal::MulFunctor<float> >, std::array<char*, 3ul> >(int, at::native::BinaryFunctor<c10::Half, c10::Half, c10::Half, at::native::binary_internal::MulFunctor<float> >, std::array<char*, 3ul>)",9596,28.5261,2.97271
"fmha_cutlassF_f16_aligned_64x128_rf_sm80(PyTorchMemEffAttention::AttentionKernel<cutlass::half_t, cutlass::arch::Sm80, true, 64, 128, 128, true, true>::Params)",9596,423.587,44.142
"void at::native::vectorized_elementwise_kernel<4, at::native::FillFunctor<bool>, std::array<char*, 1ul> >(int, at::native::FillFunctor<bool>, std::array<char*, 1ul>)",299,0.239492,0.800977
"void at::native::elementwise_kernel<128, 4, at::native::gpu_kernel_impl_nocast<at::native::(anonymous namespace)::where_kernel_impl(at::TensorIterator&)::{lambda()#1}::operator()() const::{lambda()#2}::operator()() const::{lambda(bool, c10::Half, c10::Half)#1}>(at::TensorIteratorBase&, at::native::(anonymous namespace)::where_kernel_impl(at::TensorIterator&)::{lambda()#1}::operator()() const::{lambda()#2}::operator()() const::{lambda(bool, c10::Half, c10::Half)#1} const&)::{lambda(int)#1}>(int, at::native::gpu_kernel_impl_nocast<at::native::(anonymous namespace)::where_kernel_impl(at::TensorIterator&)::{lambda()#1}::operator()() const::{lambda()#2}::operator()() const::{lambda(bool, c10::Half, c10::Half)#1}>(at::TensorIteratorBase&, at::native::(anonymous namespace)::where_kernel_impl(at::TensorIterator&)::{lambda()#1}::operator()() const::{lambda()#2}::operator()() const::{lambda(bool, c10::Half, c10::Half)#1} const&)::{lambda(int)#1})",9596,25.5997,2.66775
"void at::native::vectorized_elementwise_kernel<4, at::native::FillFunctor<c10::Half>, std::array<char*, 1ul> >(int, at::native::FillFunctor<c10::Half>, std::array<char*, 1ul>)",27576,23.7491,0.861222
"void at::native::(anonymous namespace)::CatArrayBatchedCopy_vectorized<at::native::(anonymous namespace)::OpaqueType<2u>, unsigned int, 3, 128, 1, 16, 8>(char*, at::native::(anonymous namespace)::CatArrInputTensorMetadata<at::native::(anonymous namespace)::OpaqueType<2u>, unsigned int, 128, 1>, at::native::(anonymous namespace)::TensorSizeStride<unsigned int, 4u>, int, unsigned int)",18616,70.749,3.80044
"void at::native::vectorized_elementwise_kernel<4, at::native::cos_kernel_cuda(at::TensorIteratorBase&)::{lambda()#2}::operator()() const::{lambda()#2}::operator()() const::{lambda(float)#1}, std::array<char*, 2ul> >(int, at::native::cos_kernel_cuda(at::TensorIteratorBase&)::{lambda()#2}::operator()() const::{lambda()#2}::operator()() const::{lambda(float)#1}, std::array<char*, 2ul>)",299,0.410078,1.3715
"void at::native::(anonymous namespace)::CatArrayBatchedCopy<at::native::(anonymous namespace)::OpaqueType<2u>, unsigned int, 4, 64, 64>(at::native::(anonymous namespace)::OpaqueType<2u>*, at::native::(anonymous namespace)::CatArrInputTensorMetadata<at::native::(anonymous namespace)::OpaqueType<2u>, unsigned int, 64, 64>, at::native::(anonymous namespace)::TensorSizeStride<unsigned int, 4u>, int, unsigned int)",19768,52.3264,2.64702
"void at::native::elementwise_kernel<128, 4, at::native::gpu_kernel_impl_nocast<at::native::neg_kernel_cuda(at::TensorIteratorBase&)::{lambda()#2}::operator()() const::{lambda()#8}::operator()() const::{lambda(c10::Half)#1}>(at::TensorIteratorBase&, at::native::neg_kernel_cuda(at::TensorIteratorBase&)::{lambda()#2}::operator()() const::{lambda()#8}::operator()() const::{lambda(c10::Half)#1} const&)::{lambda(int)#1}>(int, at::native::gpu_kernel_impl_nocast<at::native::neg_kernel_cuda(at::TensorIteratorBase&)::{lambda()#2}::operator()() const::{lambda()#8}::operator()() const::{lambda(c10::Half)#1}>(at::TensorIteratorBase&, at::native::neg_kernel_cuda(at::TensorIteratorBase&)::{lambda()#2}::operator()() const::{lambda()#8}::operator()() const::{lambda(c10::Half)#1} const&)::{lambda(int)#1})",19192,34.1581,1.77981
"void at::native::elementwise_kernel<128, 4, at::native::gpu_kernel_impl_nocast<at::native::BinaryFunctor<c10::Half, c10::Half, c10::Half, at::native::binary_internal::MulFunctor<float> > >(at::TensorIteratorBase&, at::native::BinaryFunctor<c10::Half, c10::Half, c10::Half, at::native::binary_internal::MulFunctor<float> > const&)::{lambda(int)#1}>(int, at::native::gpu_kernel_impl_nocast<at::native::BinaryFunctor<c10::Half, c10::Half, c10::Half, at::native::binary_internal::MulFunctor<float> > >(at::TensorIteratorBase&, at::native::BinaryFunctor<c10::Half, c10::Half, c10::Half, at::native::binary_internal::MulFunctor<float> > const&)::{lambda(int)#1})",57876,130.083,2.24761
"void at::native::vectorized_elementwise_kernel<4, at::native::(anonymous namespace)::silu_kernel(at::TensorIteratorBase&)::{lambda()#1}::operator()() const::{lambda()#5}::operator()() const::{lambda(c10::Half)#1}, std::array<char*, 2ul> >(int, at::native::(anonymous namespace)::silu_kernel(at::TensorIteratorBase&)::{lambda()#1}::operator()() const::{lambda()#5}::operator()() const::{lambda(c10::Half)#1}, std::array<char*, 2ul>)",9596,23.3698,2.43537
"void at::native::elementwise_kernel<128, 4, at::native::gpu_kernel_impl_nocast<at::native::direct_copy_kernel_cuda(at::TensorIteratorBase&)::{lambda()#3}::operator()() const::{lambda()#10}::operator()() const::{lambda(c10::Half)#1}>(at::TensorIteratorBase&, at::native::direct_copy_kernel_cuda(at::TensorIteratorBase&)::{lambda()#3}::operator()() const::{lambda()#10}::operator()() const::{lambda(c10::Half)#1} const&)::{lambda(int)#1}>(int, at::native::gpu_kernel_impl_nocast<at::native::direct_copy_kernel_cuda(at::TensorIteratorBase&)::{lambda()#3}::operator()() const::{lambda()#10}::operator()() const::{lambda(c10::Half)#1}>(at::TensorIteratorBase&, at::native::direct_copy_kernel_cuda(at::TensorIteratorBase&)::{lambda()#3}::operator()() const::{lambda()#10}::operator()() const::{lambda(c10::Half)#1} const&)::{lambda(int)#1})",27576,271.432,9.84305
"void at::native::vectorized_elementwise_kernel<4, at::native::float16_copy_kernel_cuda(at::TensorIteratorBase&)::{lambda(float)#1}, std::array<char*, 2ul> >(int, at::native::float16_copy_kernel_cuda(at::TensorIteratorBase&)::{lambda(float)#1}, std::array<char*, 2ul>)",20090,22.9348,1.1416
"void at::native::vectorized_elementwise_kernel<4, at::native::sin_kernel_cuda(at::TensorIteratorBase&)::{lambda()#2}::operator()() const::{lambda()#2}::operator()() const::{lambda(float)#1}, std::array<char*, 2ul> >(int, at::native::sin_kernel_cuda(at::TensorIteratorBase&)::{lambda()#2}::operator()() const::{lambda()#2}::operator()() const::{lambda(float)#1}, std::array<char*, 2ul>)",299,0.408064,1.36476
"void at::native::elementwise_kernel<128, 2, at::native::gpu_kernel_impl_nocast<at::native::BinaryFunctor<float, float, float, at::native::binary_internal::MulFunctor<float> > >(at::TensorIteratorBase&, at::native::BinaryFunctor<float, float, float, at::native::binary_internal::MulFunctor<float> > const&)::{lambda(int)#1}>(int, at::native::gpu_kernel_impl_nocast<at::native::BinaryFunctor<float, float, float, at::native::binary_internal::MulFunctor<float> > >(at::TensorIteratorBase&, at::native::BinaryFunctor<float, float, float, at::native::binary_internal::MulFunctor<float> > const&)::{lambda(int)#1})",19492,32.8814,1.68692
"void at::native::elementwise_kernel<128, 4, at::native::gpu_kernel_impl_nocast<at::native::BinaryFunctor<bool, bool, bool, at::native::BitwiseAndFunctor<bool> > >(at::TensorIteratorBase&, at::native::BinaryFunctor<bool, bool, bool, at::native::BitwiseAndFunctor<bool> > const&)::{lambda(int)#1}>(int, at::native::gpu_kernel_impl_nocast<at::native::BinaryFunctor<bool, bool, bool, at::native::BitwiseAndFunctor<bool> > >(at::TensorIteratorBase&, at::native::BinaryFunctor<bool, bool, bool, at::native::BitwiseAndFunctor<bool> > const&)::{lambda(int)#1})",598,0.933742,1.56144
"void at::native::elementwise_kernel<128, 4, at::native::gpu_kernel_impl_nocast<at::native::(anonymous namespace)::CompareFunctor<long> >(at::TensorIteratorBase&, at::native::(anonymous namespace)::CompareFunctor<long> const&)::{lambda(int)#1}>(int, at::native::gpu_kernel_impl_nocast<at::native::(anonymous namespace)::CompareFunctor<long> >(at::TensorIteratorBase&, at::native::(anonymous namespace)::CompareFunctor<long> const&)::{lambda(int)#1})",299,0.457125,1.52885
"void at::native::vectorized_elementwise_kernel<4, at::native::CUDAFunctorOnSelf_add<float>, std::array<char*, 2ul> >(int, at::native::CUDAFunctorOnSelf_add<float>, std::array<char*, 2ul>)",19492,21.2845,1.09196
"void (anonymous namespace)::elementwise_kernel_with_index<int, at::native::arange_cuda_out(c10::Scalar const&, c10::Scalar const&, c10::Scalar const&, at::Tensor&)::{lambda()#1}::operator()() const::{lambda()#4}::operator()() const::{lambda(long)#1}>(int, at::native::arange_cuda_out(c10::Scalar const&, c10::Scalar const&, c10::Scalar const&, at::Tensor&)::{lambda()#1}::operator()() const::{lambda()#4}::operator()() const::{lambda(long)#1}, function_traits<at::native::arange_cuda_out(c10::Scalar const&, c10::Scalar const&, c10::Scalar const&, at::Tensor&)::{lambda()#1}::operator()() const::{lambda()#4}::operator()() const::{lambda(long)#1}>::result_type*)",1495,1.10685,0.740371
"void at::native::reduce_kernel<512, 1, at::native::ReduceOp<float, at::native::MeanOps<float, float, float, float>, unsigned int, float, 4, 4> >(at::native::ReduceOp<float, at::native::MeanOps<float, float, float, float>, unsigned int, float, 4, 4>)",19492,82.2541,4.21989
"void at::native::vectorized_elementwise_kernel<2, at::native::FillFunctor<long>, std::array<char*, 1ul> >(int, at::native::FillFunctor<long>, std::array<char*, 1ul>)",290,0.228132,0.786662
"void cublasLt::splitKreduce_kernel<32, 16, int, __half, __half, float, __half, false, __half, __half, __half, true, false, false>(cublasLt::cublasSplitKParams<float>, __half const*, __half const*, __half*, __half*, float const*, float const*, __half const*, __half const*, __half*, void*, long, float*, int*, float*, float*, float const*, float const*, float const*, float const*, float const*)",18616,24.3569,1.30838
"void at::native::vectorized_elementwise_kernel<4, at::native::rsqrt_kernel_cuda(at::TensorIteratorBase&)::{lambda()#2}::operator()() const::{lambda()#2}::operator()() const::{lambda(float)#1}, std::array<char*, 2ul> >(int, at::native::rsqrt_kernel_cuda(at::TensorIteratorBase&)::{lambda()#2}::operator()() const::{lambda()#2}::operator()() const::{lambda(float)#1}, std::array<char*, 2ul>)",19492,19.8634,1.01905
"void at::native::vectorized_elementwise_kernel<4, at::native::(anonymous namespace)::pow_tensor_scalar_kernel_impl<float, float>(at::TensorIteratorBase&, float)::{lambda(float)#1}, std::array<char*, 2ul> >(int, at::native::(anonymous namespace)::pow_tensor_scalar_kernel_impl<float, float>(at::TensorIteratorBase&, float)::{lambda(float)#1}, std::array<char*, 2ul>)",19492,25.467,1.30653
"void at::native::unrolled_elementwise_kernel<at::native::direct_copy_kernel_cuda(at::TensorIteratorBase&)::{lambda()#3}::operator()() const::{lambda()#7}::operator()() const::{lambda(float)#1}, std::array<char*, 2ul>, 4, TrivialOffsetCalculator<1, unsigned int>, TrivialOffsetCalculator<1, unsigned int>, at::native::memory::LoadWithCast<1>, at::native::memory::StoreWithCast<1> >(int, at::native::direct_copy_kernel_cuda(at::TensorIteratorBase&)::{lambda()#3}::operator()() const::{lambda()#7}::operator()() const::{lambda(float)#1}, std::array<char*, 2ul>, TrivialOffsetCalculator<1, unsigned int>, TrivialOffsetCalculator<1, unsigned int>, at::native::memory::LoadWithCast<1>, at::native::memory::StoreWithCast<1>)",19791,49.0539,2.4786
"void at::native::vectorized_elementwise_kernel<4, at::native::CUDAFunctor_add<c10::Half>, std::array<char*, 3ul> >(int, at::native::CUDAFunctor_add<c10::Half>, std::array<char*, 3ul>)",37809,51.9254,1.37336
"void cutlass::Kernel2<cutlass_80_wmma_tensorop_f16_s161616gemm_f16_16x16_128x2_tn_align8>(cutlass_80_wmma_tensorop_f16_s161616gemm_f16_16x16_128x2_tn_align8::Params)",65448,3286.46,50.2148
