ts,gpu,sm_active,sm_occupancy,dram_active,fb_used_mib
1788480429.4,0,0.0000,0.0000,0.0000,164
1788480429.4,1,0.0000,0.0000,0.0000,17
1788480430.4,0,0.0000,0.0000,0.0000,164
1788480430.4,1,0.0000,0.0000,0.0000,17
1788480431.4,0,0.0000,0.0000,0.0000,164
1788480431.4,1,0.0000,0.0000,0.0000,17
1788480432.4,0,0.0000,0.0000,0.0000,164
1788480432.4,1,0.0000,0.0000,0.0000,17
1788480433.4,0,0.0000,0.0000,0.0000,164
1788480433.4,1,0.0000,0.0000,0.0000,17
1788480434.4,0,0.0000,0.0000,0.0000,164
1788480434.4,1,0.0000,0.0000,0.0000,17
1788480435.4,0,0.0000,0.0000,0.0000,164
1788480435.4,1,0.0000,0.0000,0.0000,17
1788480436.4,0,0.0000,0.0000,0.0000,164
1788480436.4,1,0.0000,0.0000,0.0000,17
1788480437.4,0,0.0000,0.0000,0.0000,164
1788480437.4,1,0.0000,0.0000,0.0000,17
1788480438.4,0,0.0000,0.0000,0.0000,164
1788480438.4,1,0.0000,0.0000,0.0000,17
1788480439.4,0,0.0000,0.0000,0.0000,164
1788480439.4,1,0.0000,0.0000,0.0000,17
1788480440.4,0,0.0000,0.0000,0.0000,1121
1788480440.4,1,0.0000,0.0000,0.0000,975
1788480441.4,0,0.0000,0.0000,0.0010,1801
1788480441.4,1,0.0000,0.0000,0.0010,1635
1788480442.4,0,0.0000,0.0000,0.0000,1801
1788480442.4,1,0.0000,0.0000,0.0000,1635
1788480443.4,0,0.0000,0.0000,0.0000,1801
1788480443.4,1,0.0000,0.0000,0.0000,1635
1788480444.4,0,0.0000,0.0000,0.0000,1801
1788480444.4,1,0.0000,0.0000,0.0000,1665
1788480445.4,0,0.0350,0.0060,0.0090,1833
1788480445.4,1,0.0100,0.0020,0.0030,1667
1788480446.4,0,0.0000,0.0000,0.0000,1833
1788480446.4,1,0.0000,0.0000,0.0000,1667
1788480447.4,0,0.0000,0.0000,0.0000,1833
1788480447.4,1,0.0000,0.0000,0.0000,1667
1788480448.4,0,0.0000,0.0000,0.0000,1833
1788480448.4,1,0.0000,0.0000,0.0000,1667
1788480449.4,0,0.0340,0.0070,0.0080,3193
1788480449.4,1,0.0090,0.0020,0.0020,2807
1788480450.4,0,0.0230,0.0030,0.0140,3451
1788480450.4,1,0.0240,0.0030,0.0140,3305
1788480451.4,0,0.0000,0.0000,0.0000,3451
1788480451.4,1,0.0000,0.0000,0.0000,3305
1788480452.4,0,0.0000,0.0000,0.0000,3451
1788480452.4,1,0.0000,0.0000,0.0000,3305
1788480453.4,0,0.0000,0.0000,0.0000,3451
1788480453.4,1,0.0000,0.0000,0.0000,3305
1788480454.4,0,0.2950,0.0460,0.0410,3453
1788480454.4,1,0.0010,0.0000,0.0000,3307
1788480455.4,0,0.0000,0.0000,0.0020,164
1788480455.4,1,0.0020,0.0000,0.0010,3307
1788480456.4,0,0.0000,0.0000,0.0000,164
1788480456.4,1,0.0000,0.0000,0.0000,3307
1788480457.4,0,0.0000,0.0000,0.0000,164
1788480457.4,1,0.0000,0.0000,0.0000,3307
1788480458.4,0,0.0000,0.0000,0.0000,164
1788480458.4,1,0.0080,0.0010,0.0040,3307
1788480459.4,0,0.0000,0.0000,0.0000,164
1788480459.4,1,0.0000,0.0000,0.0000,3307
1788480460.4,0,0.0000,0.0000,0.0000,164
1788480460.4,1,0.0090,0.0010,0.0050,3307
1788480461.4,0,0.0000,0.0000,0.0000,164
1788480461.4,1,0.0000,0.0000,0.0000,3307
1788480462.4,0,0.0000,0.0000,0.0000,164
1788480462.4,1,0.0000,0.0000,0.0000,3307
1788480463.4,0,0.0000,0.0000,0.0000,164
1788480463.4,1,0.0090,0.0010,0.0050,3307
1788480464.4,0,0.0000,0.0000,0.0000,164
1788480464.4,1,0.0090,0.0010,0.0050,3307
1788480465.4,0,0.0000,0.0000,0.0000,164
1788480465.4,1,0.0000,0.0000,0.0000,3307
1788480466.4,0,0.0000,0.0000,0.0000,164
1788480466.4,1,0.0030,0.0000,0.0020,3307
1788480467.4,0,0.0000,0.0000,0.0000,164
1788480467.4,1,0.0150,0.0010,0.0080,3307
1788480468.4,0,0.0000,0.0000,0.0000,164
1788480468.4,1,0.0000,0.0000,0.0000,3307
1788480469.4,0,0.0000,0.0000,0.0000,164
1788480469.4,1,0.0090,0.0010,0.0050,3307
1788480470.4,0,0.0000,0.0000,0.0000,164
1788480470.4,1,0.0000,0.0000,0.0000,3307
1788480471.4,0,0.0000,0.0000,0.0000,164
1788480471.4,1,0.0000,0.0000,0.0000,3307
1788480472.4,0,0.0000,0.0000,0.0000,164
1788480472.4,1,0.0000,0.0000,0.0000,3307
1788480473.4,0,0.0000,0.0000,0.0000,164
1788480473.4,1,0.0090,0.0010,0.0050,3307
1788480474.4,0,0.0000,0.0000,0.0000,164
1788480474.4,1,0.2760,0.0220,0.1880,3307
1788480475.4,0,0.0000,0.0000,0.0000,164
1788480475.4,1,0.1410,0.0110,0.1020,3307
1788480476.4,0,0.0000,0.0000,0.0000,164
1788480476.4,1,0.3420,0.0260,0.2470,3307
1788480477.4,0,0.0000,0.0000,0.0000,164
1788480477.4,1,0.1470,0.0140,0.0970,3307
1788480478.4,0,0.0000,0.0000,0.0000,164
1788480478.4,1,0.2700,0.0250,0.1730,3307
1788480479.4,0,0.0000,0.0000,0.0000,164
1788480479.4,1,0.4800,0.0400,0.3250,3307
1788480480.4,0,0.0000,0.0000,0.0000,164
1788480480.4,1,0.1120,0.0100,0.0730,3307
1788480481.4,0,0.0000,0.0000,0.0000,164
1788480481.4,1,0.2020,0.0180,0.1330,3307
1788480482.4,0,0.0000,0.0000,0.0000,164
1788480482.4,1,0.0810,0.0070,0.0530,3307
1788480483.4,0,0.0000,0.0000,0.0000,164
1788480483.4,1,0.3390,0.0290,0.2290,3307
1788480484.4,0,0.0000,0.0000,0.0000,164
1788480484.4,1,0.0680,0.0060,0.0430,3307
1788480485.4,0,0.0000,0.0000,0.0000,164
1788480485.4,1,0.2240,0.0210,0.1450,3307
1788480486.4,0,0.0000,0.0000,0.0000,164
1788480486.4,1,0.3940,0.0300,0.2820,3307
1788480487.4,0,0.0000,0.0000,0.0000,164
1788480487.4,1,0.1950,0.0180,0.1280,3307
1788480488.4,0,0.0000,0.0000,0.0000,164
1788480488.4,1,0.1740,0.0140,0.1210,3307
1788480489.4,0,0.0000,0.0000,0.0000,164
1788480489.4,1,0.2220,0.0200,0.1480,3307
1788480490.4,0,0.0000,0.0000,0.0000,164
1788480490.4,1,0.0900,0.0080,0.0560,3307
1788480491.4,0,0.0000,0.0000,0.0000,164
1788480491.4,1,0.3530,0.0320,0.2310,3307
1788480492.4,0,0.0000,0.0000,0.0000,164
1788480492.4,1,0.1820,0.0170,0.1150,3307
1788480493.4,0,0.0000,0.0000,0.0000,164
1788480493.4,1,0.4640,0.0370,0.3250,3307
1788480494.4,0,0.0000,0.0000,0.0000,164
1788480494.4,1,0.2910,0.0260,0.1890,3307
1788480495.4,0,0.0000,0.0000,0.0000,164
1788480495.4,1,0.0000,0.0000,0.0000,3307
1788480496.4,0,0.0000,0.0000,0.0000,164
1788480496.4,1,0.1120,0.0100,0.0710,3307
1788480497.4,0,0.0000,0.0000,0.0000,164
1788480497.4,1,0.0000,0.0000,0.0000,3307
1788480498.4,0,0.0000,0.0000,0.0000,164
1788480498.4,1,0.2490,0.0190,0.1730,3307
1788480499.4,0,0.0000,0.0000,0.0000,164
1788480499.4,1,0.2250,0.0210,0.1440,3307
1788480500.4,0,0.0000,0.0000,0.0000,164
1788480500.4,1,0.1390,0.0130,0.0920,3307
1788480501.4,0,0.0000,0.0000,0.0000,164
1788480501.4,1,0.2640,0.0230,0.1740,3307
1788480502.4,0,0.0000,0.0000,0.0000,164
1788480502.4,1,0.2240,0.0210,0.1450,3307
1788480503.4,0,0.0000,0.0000,0.0000,164
1788480503.4,1,0.1120,0.0100,0.0730,3307
1788480504.4,0,0.0000,0.0000,0.0000,164
1788480504.4,1,0.0000,0.0000,0.0000,3307
1788480505.4,0,0.0000,0.0000,0.0000,164
1788480505.4,1,0.2300,0.0200,0.1590,3307
1788480506.4,0,0.0000,0.0000,0.0000,164
1788480506.4,1,0.3100,0.0270,0.2080,3307
1788480507.4,0,0.0000,0.0000,0.0000,164
1788480507.4,1,0.3630,0.0330,0.2390,3307
1788480508.4,0,0.0000,0.0000,0.0000,164
1788480508.4,1,0.0490,0.0050,0.0300,3307
1788480509.4,0,0.0000,0.0000,0.0000,164
1788480509.4,1,0.2520,0.0210,0.1740,3307
1788480510.4,0,0.0000,0.0000,0.0000,164
1788480510.4,1,0.0000,0.0000,0.0000,3307
1788480511.4,0,0.0000,0.0000,0.0000,164
1788480511.4,1,0.1880,0.0150,0.1340,3307
1788480512.4,0,0.0000,0.0000,0.0000,164
1788480512.4,1,0.2730,0.0230,0.1870,3307
1788480513.4,0,0.0000,0.0000,0.0000,164
1788480513.4,1,0.1530,0.0140,0.0970,3307
1788480514.4,0,0.0000,0.0000,0.0000,164
1788480514.4,1,0.1330,0.0090,0.1020,3307
1788480515.4,0,0.0000,0.0000,0.0000,164
1788480515.4,1,0.0000,0.0000,0.0000,3307
1788480516.4,0,0.0000,0.0000,0.0000,164
1788480516.4,1,0.1470,0.0100,0.1110,3307
1788480517.4,0,0.0000,0.0000,0.0000,164
1788480517.4,1,0.4060,0.0350,0.2750,3307
1788480518.4,0,0.0000,0.0000,0.0000,164
1788480518.4,1,0.3640,0.0280,0.2600,3307
1788480519.4,0,0.0000,0.0000,0.0000,164
1788480519.4,1,0.2240,0.0210,0.1440,3307
1788480520.4,0,0.0000,0.0000,0.0000,164
1788480520.4,1,0.3870,0.0320,0.2650,3307
1788480521.4,0,0.0000,0.0000,0.0000,164
1788480521.4,1,0.1120,0.0100,0.0730,3307
1788480522.4,0,0.0000,0.0000,0.0000,164
1788480522.4,1,0.1530,0.0120,0.1080,3307
1788480523.4,0,0.0000,0.0000,0.0000,164
1788480523.4,1,0.1500,0.0140,0.0990,3307
1788480524.4,0,0.0000,0.0000,0.0000,164
1788480524.4,1,0.0740,0.0070,0.0460,3307
1788480525.4,0,0.0000,0.0000,0.0000,164
1788480525.4,1,0.3850,0.0350,0.2530,3307
1788480526.4,0,0.0000,0.0000,0.0000,164
1788480526.4,1,0.1560,0.0150,0.1000,3307
1788480527.4,0,0.0000,0.0000,0.0000,164
1788480527.4,1,0.1970,0.0180,0.1270,3307
1788480528.4,0,0.0000,0.0000,0.0000,164
1788480528.4,1,0.1810,0.0150,0.1220,3307
1788480529.4,0,0.0000,0.0000,0.0000,164
1788480529.4,1,0.1120,0.0100,0.0710,3307
1788480530.4,0,0.0000,0.0000,0.0000,164
1788480530.4,1,0.2030,0.0180,0.1350,3307
1788480531.4,0,0.0000,0.0000,0.0000,164
1788480531.4,1,0.1600,0.0130,0.1110,3307
1788480532.4,0,0.0000,0.0000,0.0000,164
1788480532.4,1,0.2440,0.0220,0.1610,3307
1788480533.4,0,0.0000,0.0000,0.0000,164
1788480533.4,1,0.1890,0.0180,0.1200,3307
1788480534.4,0,0.0000,0.0000,0.0000,164
1788480534.4,1,0.1470,0.0120,0.1050,3307
1788480535.4,0,0.0000,0.0000,0.0000,164
1788480535.4,1,0.0650,0.0040,0.0550,3307
1788480536.4,0,0.0000,0.0000,0.0000,164
1788480536.4,1,0.0360,0.0020,0.0270,3307
1788480537.5,0,0.0000,0.0000,0.0000,164
1788480537.5,1,0.0010,0.0000,0.0010,3307
1788480538.5,0,0.0000,0.0000,0.0000,164
1788480538.5,1,0.2240,0.0210,0.1440,3307
1788480539.5,0,0.0000,0.0000,0.0000,164
1788480539.5,1,0.1450,0.0130,0.0950,3307
1788480540.5,0,0.0000,0.0000,0.0000,164
1788480540.5,1,0.4360,0.0370,0.2960,3307
1788480541.5,0,0.0000,0.0000,0.0000,164
1788480541.5,1,0.2040,0.0160,0.1430,3307
1788480542.5,0,0.0000,0.0000,0.0000,164
1788480542.5,1,0.1350,0.0120,0.0890,3307
1788480543.5,0,0.0000,0.0000,0.0000,164
1788480543.5,1,0.1120,0.0100,0.0710,3307
1788480544.5,0,0.0000,0.0000,0.0000,164
1788480544.5,1,0.2080,0.0190,0.1370,3307
1788480545.5,0,0.0000,0.0000,0.0000,164
1788480545.5,1,0.0000,0.0000,0.0000,3307
1788480546.5,0,0.0000,0.0000,0.0000,164
1788480546.5,1,0.0000,0.0000,0.0000,3307
1788480547.5,0,0.0000,0.0000,0.0000,164
1788480547.5,1,0.0000,0.0000,0.0000,3307
1788480548.5,0,0.0000,0.0000,0.0000,164
1788480548.5,1,0.2230,0.0200,0.1360,3307
1788480549.5,0,0.0000,0.0000,0.0000,164
1788480549.5,1,0.3040,0.0250,0.2120,3307
1788480550.5,0,0.0000,0.0000,0.0000,164
1788480550.5,1,0.2100,0.0190,0.1370,3307
1788480551.5,0,0.0000,0.0000,0.0000,164
1788480551.5,1,0.3400,0.0300,0.2260,3307
1788480552.5,0,0.0000,0.0000,0.0000,164
1788480552.5,1,0.2580,0.0180,0.1960,3307
1788480553.5,0,0.0000,0.0000,0.0000,164
1788480553.5,1,0.1120,0.0100,0.0720,3307
1788480554.5,0,0.0000,0.0000,0.0000,164
1788480554.5,1,0.2300,0.0190,0.1600,3307
1788480555.5,0,0.0000,0.0000,0.0000,164
1788480555.5,1,0.2040,0.0190,0.1300,3307
1788480556.5,0,0.0000,0.0000,0.0000,164
1788480556.5,1,0.3540,0.0320,0.2320,3307
1788480557.5,0,0.0000,0.0000,0.0000,164
1788480557.5,1,0.3370,0.0310,0.2150,3307
1788480558.5,0,0.0000,0.0000,0.0000,164
1788480558.5,1,0.1070,0.0090,0.0760,3307
1788480559.5,0,0.0000,0.0000,0.0000,164
1788480559.5,1,0.0680,0.0040,0.0530,3307
1788480560.5,0,0.0000,0.0000,0.0000,164
1788480560.5,1,0.2140,0.0160,0.1550,3307
1788480561.5,0,0.0000,0.0000,0.0000,164
1788480561.5,1,0.2240,0.0210,0.1440,3307
1788480562.5,0,0.0000,0.0000,0.0000,164
1788480562.5,1,0.1380,0.0130,0.0900,3307
1788480563.5,0,0.0000,0.0000,0.0000,164
1788480563.5,1,0.3100,0.0290,0.1990,3307
1788480564.5,0,0.0000,0.0000,0.0000,164
1788480564.5,1,0.1340,0.0090,0.1050,3307
1788480565.5,0,0.0000,0.0000,0.0000,164
1788480565.5,1,0.1810,0.0130,0.1310,3307
1788480566.5,0,0.0000,0.0000,0.0000,164
1788480566.5,1,0.3370,0.0310,0.2160,3307
1788480567.5,0,0.0000,0.0000,0.0000,164
1788480567.5,1,0.1910,0.0180,0.1250,3307
1788480568.5,0,0.0000,0.0000,0.0000,164
1788480568.5,1,0.3730,0.0300,0.2590,3307
1788480569.5,0,0.0000,0.0000,0.0000,164
1788480569.5,1,0.1950,0.0150,0.1370,3307
1788480570.5,0,0.0000,0.0000,0.0000,164
1788480570.5,1,0.1120,0.0100,0.0730,3307
1788480571.5,0,0.0000,0.0000,0.0000,164
1788480571.5,1,0.1420,0.0130,0.0940,3307
1788480572.5,0,0.0000,0.0000,0.0000,164
1788480572.5,1,0.2320,0.0200,0.1540,3307
1788480573.5,0,0.0000,0.0000,0.0000,164
1788480573.5,1,0.1120,0.0100,0.0720,3307
1788480574.5,0,0.0000,0.0000,0.0000,164
1788480574.5,1,0.2670,0.0240,0.1780,3307
1788480575.5,0,0.0000,0.0000,0.0000,164
1788480575.5,1,0.1540,0.0140,0.0990,3307
1788480576.5,0,0.0000,0.0000,0.0000,164
1788480576.5,1,0.1050,0.0100,0.0650,3307
1788480577.5,0,0.0000,0.0000,0.0000,164
1788480577.5,1,0.1120,0.0100,0.0720,3307
1788480578.5,0,0.0000,0.0000,0.0000,164
1788480578.5,1,0.3370,0.0310,0.2170,3307
1788480579.5,0,0.0000,0.0000,0.0000,164
1788480579.5,1,0.2240,0.0210,0.1450,3307
1788480580.5,0,0.0000,0.0000,0.0000,164
1788480580.5,1,0.3240,0.0290,0.2140,3307
1788480581.5,0,0.0000,0.0000,0.0000,164
1788480581.5,1,0.3500,0.0270,0.2490,3307
1788480582.5,0,0.0000,0.0000,0.0000,164
1788480582.5,1,0.1120,0.0100,0.0720,3307
1788480583.5,0,0.0000,0.0000,0.0000,164
1788480583.5,1,0.2050,0.0160,0.1490,3307
1788480584.5,0,0.0000,0.0000,0.0000,164
1788480584.5,1,0.2240,0.0210,0.1440,3307
1788480585.5,0,0.0000,0.0000,0.0000,164
1788480585.5,1,0.0000,0.0000,0.0000,3307
1788480586.5,0,0.0000,0.0000,0.0000,164
1788480586.5,1,0.1120,0.0100,0.0720,3307
1788480587.5,0,0.0000,0.0000,0.0000,164
1788480587.5,1,0.2400,0.0220,0.1570,3307
1788480588.5,0,0.0000,0.0000,0.0000,164
1788480588.5,1,0.4020,0.0340,0.2750,3307
1788480589.5,0,0.0000,0.0000,0.0000,164
1788480589.5,1,0.2940,0.0260,0.1920,3307
1788480590.5,0,0.0000,0.0000,0.0000,164
1788480590.5,1,0.1120,0.0100,0.0720,3307
1788480591.5,0,0.0000,0.0000,0.0000,164
1788480591.5,1,0.2220,0.0210,0.1430,3307
1788480592.5,0,0.0000,0.0000,0.0000,164
1788480592.5,1,0.2730,0.0230,0.1820,3307
1788480593.5,0,0.0000,0.0000,0.0000,164
1788480593.5,1,0.0220,0.0020,0.0150,3307
1788480594.5,0,0.0000,0.0000,0.0000,164
1788480594.5,1,0.2030,0.0190,0.1280,3307
1788480595.5,0,0.0000,0.0000,0.0000,164
1788480595.5,1,0.2240,0.0210,0.1440,3307
1788480596.5,0,0.0000,0.0000,0.0000,164
1788480596.5,1,0.1130,0.0070,0.0880,3307
1788480597.5,0,0.0000,0.0000,0.0000,164
1788480597.5,1,0.2440,0.0230,0.1590,3307
1788480598.5,0,0.0000,0.0000,0.0000,164
1788480598.5,1,0.0920,0.0090,0.0580,3307
1788480599.5,0,0.0000,0.0000,0.0000,164
1788480599.5,1,0.2430,0.0200,0.1690,3307
1788480600.5,0,0.0000,0.0000,0.0000,164
1788480600.5,1,0.2070,0.0190,0.1340,3307
1788480601.5,0,0.0000,0.0000,0.0000,164
1788480601.5,1,0.1930,0.0170,0.1290,3307
1788480602.5,0,0.0000,0.0000,0.0000,164
1788480602.5,1,0.0000,0.0000,0.0000,3307
1788480603.5,0,0.0000,0.0000,0.0000,164
1788480603.5,1,0.0920,0.0090,0.0580,3307
1788480604.5,0,0.0000,0.0000,0.0000,164
1788480604.5,1,0.2500,0.0230,0.1580,3307
1788480605.5,0,0.0000,0.0000,0.0000,164
1788480605.5,1,0.2250,0.0210,0.1450,3307
1788480606.5,0,0.0000,0.0000,0.0000,164
1788480606.5,1,0.1120,0.0100,0.0730,3307
1788480607.5,0,0.0000,0.0000,0.0000,164
1788480607.5,1,0.2480,0.0230,0.1630,3307
1788480608.5,0,0.0000,0.0000,0.0000,164
1788480608.5,1,0.2310,0.0190,0.1570,3307
1788480609.5,0,0.0000,0.0000,0.0000,164
1788480609.5,1,0.1120,0.0100,0.0730,3307
1788480610.5,0,0.0000,0.0000,0.0000,164
1788480610.5,1,0.0830,0.0080,0.0550,3307
1788480611.5,0,0.0000,0.0000,0.0000,170
1788480611.5,1,0.2440,0.0190,0.1710,3307
1788480612.5,0,0.0000,0.0000,0.0000,170
1788480612.5,1,0.0350,0.0030,0.0230,3307
1788480613.5,0,0.0000,0.0000,0.0000,170
1788480613.5,1,0.2870,0.0240,0.1990,3307
1788480614.5,0,0.0000,0.0000,0.0000,170
1788480614.5,1,0.0920,0.0070,0.0650,3307
1788480615.5,0,0.0000,0.0000,0.0000,170
1788480615.5,1,0.0000,0.0000,0.0000,3307
1788480616.5,0,0.0000,0.0000,0.0000,170
1788480616.5,1,0.0000,0.0000,0.0000,3307
1788480617.5,0,0.0000,0.0000,0.0000,170
1788480617.5,1,0.0000,0.0000,0.0000,3307
1788480618.5,0,0.0000,0.0000,0.0000,170
1788480618.5,1,0.0000,0.0000,0.0000,3307
1788480619.5,0,0.0000,0.0000,0.0000,170
1788480619.5,1,0.0000,0.0000,0.0000,3307
1788480620.5,0,0.0000,0.0000,0.0000,170
1788480620.5,1,0.0000,0.0000,0.0000,3307
1788480621.5,0,0.0000,0.0000,0.0000,170
1788480621.5,1,0.0000,0.0000,0.0000,3307
1788480622.5,0,0.0000,0.0000,0.0000,170
1788480622.5,1,0.0000,0.0000,0.0000,3307
