ts,role,cores
1790903547.821,other_total,0.247
1790903547.821,avail_mb,57337
1790903547.821,pswpin,907621
1790903548.831,other_total,0.139
1790903548.831,avail_mb,57328
1790903548.831,pswpin,907621
1790903549.841,other_total,0.109
1790903549.841,avail_mb,57328
1790903549.841,pswpin,907621
1790903550.851,other_total,0.089
1790903550.851,avail_mb,57335
1790903550.851,pswpin,907621
1790903551.861,other_total,0.049
1790903551.861,avail_mb,57337
1790903551.861,pswpin,907621
1790903552.872,other_total,0.049
1790903552.872,avail_mb,57340
1790903552.872,pswpin,907621
1790903553.882,other_total,0.040
1790903553.882,avail_mb,57342
1790903553.882,pswpin,907621
1790903554.892,other_total,0.040
1790903554.892,avail_mb,57327
1790903554.892,pswpin,907621
1790903555.903,other_total,0.198
1790903555.903,avail_mb,57328
1790903555.903,pswpin,907621
1790903556.913,other_total,0.059
1790903556.913,avail_mb,57305
1790903556.913,pswpin,907621
1790903557.922,other_total,3.024
1790903557.922,avail_mb,56912
1790903557.922,pswpin,907621
1790903558.932,other_total,0.059
1790903558.932,store_0,0.109
1790903558.932,avail_mb,56878
1790903558.932,pswpin,907621
1790903559.941,other_total,3.855
1790903559.941,store_0,0.000
1790903559.941,avail_mb,56246
1790903559.941,pswpin,907621
1790903560.949,api,3.580
1790903560.949,other_total,0.268
1790903560.949,store_0,0.000
1790903560.949,avail_mb,56057
1790903560.949,pswpin,907621
1790903561.961,api,1.987
1790903561.961,other_total,0.297
1790903561.961,store_0,0.000
1790903561.961,avail_mb,55835
1790903561.961,pswpin,907621
1790903562.970,api,1.407
1790903562.970,other_total,0.099
1790903562.970,store_0,0.000
1790903562.970,avail_mb,55686
1790903562.970,pswpin,907621
1790903563.981,api,0.831
1790903563.981,other_total,0.040
1790903563.981,store_0,0.000
1790903563.981,avail_mb,55525
1790903563.981,pswpin,907621
1790903564.991,api,0.129
1790903564.991,other_total,3.850
1790903564.991,store_0,0.000
1790903564.991,avail_mb,54824
1790903564.991,pswpin,907621
1790903566.001,api,0.000
1790903566.001,other_total,3.734
1790903566.001,store_0,0.000
1790903566.001,avail_mb,54670
1790903566.001,pswpin,907621
1790903567.010,api,0.000
1790903567.010,other_total,2.052
1790903567.010,store_0,0.000
1790903567.010,avail_mb,54446
1790903567.010,pswpin,907621
1790903568.018,api,0.000
1790903568.018,other_total,1.804
1790903568.018,store_0,0.000
1790903568.018,avail_mb,54172
1790903568.018,pswpin,907621
1790903569.028,api,0.000
1790903569.028,enginecore,1.683
1790903569.028,other_total,1.713
1790903569.028,store_0,0.000
1790903569.028,avail_mb,53654
1790903569.028,pswpin,907621
1790903570.037,api,0.000
1790903570.037,enginecore,1.993
1790903570.037,other_total,0.506
1790903570.037,store_0,0.000
1790903570.037,avail_mb,53664
1790903570.037,pswpin,907621
1790903571.045,api,0.000
1790903571.045,enginecore,2.003
1790903571.045,other_total,0.030
1790903571.045,store_0,0.000
1790903571.045,avail_mb,53192
1790903571.045,pswpin,907621
1790903572.054,api,0.000
1790903572.054,enginecore,1.249
1790903572.054,other_total,0.783
1790903572.054,store_0,0.000
1790903572.054,avail_mb,53155
1790903572.054,pswpin,907621
1790903573.063,api,0.000
1790903573.063,enginecore,1.011
1790903573.063,other_total,0.337
1790903573.063,store_0,0.000
1790903573.063,avail_mb,53123
1790903573.063,pswpin,907621
1790903574.072,api,0.000
1790903574.072,enginecore,1.001
1790903574.072,other_total,0.020
1790903574.072,store_0,0.000
1790903574.072,avail_mb,53128
1790903574.072,pswpin,907621
1790903575.081,api,0.000
1790903575.081,enginecore,0.932
1790903575.081,other_total,0.030
1790903575.081,store_0,0.000
1790903575.081,avail_mb,52540
1790903575.081,pswpin,907621
1790903576.089,api,0.000
1790903576.089,enginecore,0.535
1790903576.089,other_total,0.486
1790903576.089,store_0,0.000
1790903576.089,avail_mb,52500
1790903576.089,pswpin,907621
1790903577.098,api,0.000
1790903577.098,enginecore,0.020
1790903577.098,other_total,0.625
1790903577.098,store_0,0.000
1790903577.098,avail_mb,52527
1790903577.098,pswpin,907621
1790903578.109,api,0.000
1790903578.109,enginecore,0.020
1790903578.109,other_total,0.049
1790903578.109,store_0,0.000
1790903578.109,avail_mb,52531
1790903578.109,pswpin,907621
1790903579.119,api,0.000
1790903579.119,enginecore,0.030
1790903579.119,other_total,0.040
1790903579.119,store_0,0.000
1790903579.119,avail_mb,52538
1790903579.119,pswpin,907621
1790903580.130,api,0.000
1790903580.130,enginecore,0.049
1790903580.130,other_total,0.049
1790903580.130,store_0,0.000
1790903580.130,avail_mb,52549
1790903580.130,pswpin,907621
1790903581.141,api,0.000
1790903581.141,enginecore,0.901
1790903581.141,other_total,0.069
1790903581.141,store_0,0.000
1790903581.141,avail_mb,51512
1790903581.141,pswpin,907621
1790903582.151,api,0.049
1790903582.151,enginecore,0.445
1790903582.151,other_total,0.030
1790903582.151,store_0,0.000
1790903582.151,avail_mb,51422
1790903582.151,pswpin,907621
1790903583.162,api,0.228
1790903583.162,enginecore,0.020
1790903583.162,other_total,0.059
1790903583.162,store_0,0.000
1790903583.162,avail_mb,51380
1790903583.162,pswpin,907621
1790903584.173,api,0.168
1790903584.173,enginecore,0.030
1790903584.173,other_total,0.020
1790903584.173,store_0,0.000
1790903584.173,avail_mb,51384
1790903584.173,pswpin,907621
1790903585.184,api,0.000
1790903585.184,enginecore,0.040
1790903585.184,other_total,0.030
1790903585.184,store_0,0.000
1790903585.184,avail_mb,51389
1790903585.184,pswpin,907621
1790903586.194,api,0.000
1790903586.194,enginecore,0.020
1790903586.194,other_total,0.040
1790903586.194,store_0,0.000
1790903586.194,avail_mb,51392
1790903586.194,pswpin,907621
1790903587.205,api,0.010
1790903587.205,enginecore,0.989
1790903587.205,other_total,0.079
1790903587.205,store_0,0.000
1790903587.205,avail_mb,50375
1790903587.205,pswpin,907621
1790903588.216,api,0.000
1790903588.216,enginecore,0.861
1790903588.216,other_total,0.020
1790903588.216,store_0,0.000
1790903588.216,avail_mb,50175
1790903588.216,pswpin,907621
1790903589.226,api,0.049
1790903589.226,enginecore,0.505
1790903589.226,other_total,0.030
1790903589.226,store_0,0.000
1790903589.226,avail_mb,50065
1790903589.226,pswpin,907621
1790903590.237,api,0.178
1790903590.237,enginecore,0.020
1790903590.237,other_total,0.049
1790903590.237,store_0,0.000
1790903590.237,avail_mb,50042
1790903590.237,pswpin,907621
1790903591.248,api,0.257
1790903591.248,enginecore,0.139
1790903591.248,other_total,0.030
1790903591.248,store_0,0.000
1790903591.248,avail_mb,50036
1790903591.248,pswpin,907621
1790903592.257,api,0.010
1790903592.257,enginecore,0.922
1790903592.257,other_total,0.010
1790903592.257,store_0,0.169
1790903592.257,avail_mb,49343
1790903592.257,pswpin,907621
1790903593.265,api,0.010
1790903593.265,enginecore,0.942
1790903593.265,other_total,0.069
1790903593.265,store_0,0.139
1790903593.265,avail_mb,48688
1790903593.265,pswpin,907621
1790903594.274,api,0.010
1790903594.274,enginecore,1.001
1790903594.274,other_total,0.020
1790903594.274,store_0,0.139
1790903594.274,avail_mb,48038
1790903594.274,pswpin,907621
1790903595.283,api,0.000
1790903595.283,enginecore,0.952
1790903595.283,other_total,0.030
1790903595.283,store_0,0.149
1790903595.283,avail_mb,47392
1790903595.283,pswpin,907621
1790903596.291,api,0.000
1790903596.291,enginecore,1.071
1790903596.291,other_total,0.744
1790903596.291,store_0,0.129
1790903596.291,avail_mb,50234
1790903596.291,pswpin,907621
1790903597.304,api,0.000
1790903597.304,enginecore,0.020
1790903597.304,other_total,2.251
1790903597.304,store_0,0.000
1790903597.304,avail_mb,50008
1790903597.304,pswpin,907621
1790903598.315,api,0.000
1790903598.315,enginecore,0.000
1790903598.315,other_total,0.059
1790903598.315,store_0,0.000
1790903598.315,store_1,0.445
1790903598.315,avail_mb,49910
1790903598.315,pswpin,907621
1790903599.330,api,0.010
1790903599.330,enginecore,0.030
1790903599.330,other_total,2.562
1790903599.330,store_0,0.000
1790903599.330,store_1,0.000
1790903599.330,avail_mb,49514
1790903599.330,pswpin,907621
1790903600.340,api,1.930
1790903600.340,enginecore,0.000
1790903600.340,other_total,0.020
1790903600.340,store_0,0.000
1790903600.340,store_1,0.000
1790903600.340,avail_mb,49211
1790903600.340,pswpin,907621
1790903601.350,api,3.821
1790903601.350,enginecore,0.000
1790903601.350,other_total,0.069
1790903601.350,store_0,0.000
1790903601.350,store_1,0.000
1790903601.350,avail_mb,48970
1790903601.350,pswpin,907621
1790903602.360,api,1.991
1790903602.360,enginecore,0.010
1790903602.360,other_total,0.040
1790903602.360,store_0,0.000
1790903602.360,store_1,0.000
1790903602.360,avail_mb,48774
1790903602.360,pswpin,907621
1790903603.371,api,0.831
1790903603.371,enginecore,0.010
1790903603.371,other_total,0.020
1790903603.371,store_0,0.000
1790903603.371,store_1,0.000
1790903603.371,avail_mb,48725
1790903603.371,pswpin,907621
1790903604.383,api,0.356
1790903604.383,enginecore,0.000
1790903604.383,other_total,4.091
1790903604.383,store_0,0.000
1790903604.383,store_1,0.000
1790903604.383,avail_mb,47947
1790903604.383,pswpin,907621
1790903605.392,api,0.000
1790903605.392,enginecore,0.000
1790903605.392,other_total,3.815
1790903605.392,store_0,0.000
1790903605.392,store_1,0.000
1790903605.392,avail_mb,47753
1790903605.392,pswpin,907621
1790903606.403,api,0.000
1790903606.403,enginecore,0.010
1790903606.403,other_total,2.018
1790903606.403,store_0,0.000
1790903606.403,store_1,0.000
1790903606.403,avail_mb,47514
1790903606.403,pswpin,907621
1790903607.412,api,0.000
1790903607.412,enginecore,0.000
1790903607.412,other_total,1.932
1790903607.412,store_0,0.000
1790903607.412,store_1,0.000
1790903607.412,avail_mb,47203
1790903607.412,pswpin,907621
1790903608.422,api,0.000
1790903608.422,enginecore,1.376
1790903608.422,other_total,1.535
1790903608.422,store_0,0.000
1790903608.422,store_1,0.000
1790903608.422,avail_mb,46725
1790903608.422,pswpin,907621
1790903609.431,api,0.000
1790903609.431,enginecore,2.022
1790903609.431,other_total,0.575
1790903609.431,store_0,0.000
1790903609.431,store_1,0.000
1790903609.431,avail_mb,46709
1790903609.431,pswpin,907621
1790903610.440,api,0.000
1790903610.440,enginecore,1.992
1790903610.440,other_total,0.030
1790903610.440,store_0,0.000
1790903610.440,store_1,0.000
1790903610.440,avail_mb,46245
1790903610.440,pswpin,907621
1790903611.449,api,0.000
1790903611.449,enginecore,1.119
1790903611.449,other_total,0.911
1790903611.449,store_0,0.000
1790903611.449,store_1,0.000
1790903611.449,avail_mb,46205
1790903611.449,pswpin,907621
1790903612.458,api,0.010
1790903612.458,enginecore,1.001
1790903612.458,other_total,0.208
1790903612.458,store_0,0.000
1790903612.458,store_1,0.000
1790903612.458,avail_mb,46167
1790903612.458,pswpin,907621
1790903613.467,api,0.000
1790903613.467,enginecore,1.021
1790903613.467,other_total,0.010
1790903613.467,store_0,0.000
1790903613.467,store_1,0.000
1790903613.467,avail_mb,46170
1790903613.467,pswpin,907621
1790903614.476,api,0.000
1790903614.476,enginecore,0.981
1790903614.476,other_total,0.040
1790903614.476,store_0,0.000
1790903614.476,store_1,0.000
1790903614.476,avail_mb,45610
1790903614.476,pswpin,907621
1790903615.484,api,0.000
1790903615.484,enginecore,0.456
1790903615.484,other_total,0.575
1790903615.484,store_0,0.000
1790903615.484,store_1,0.000
1790903615.484,avail_mb,45580
1790903615.484,pswpin,907621
1790903616.493,api,0.000
1790903616.493,enginecore,0.843
1790903616.493,other_total,0.516
1790903616.493,store_0,0.000
1790903616.493,store_1,0.000
1790903616.493,avail_mb,44570
1790903616.493,pswpin,907621
1790903617.504,api,0.049
1790903617.504,enginecore,0.396
1790903617.504,other_total,0.020
1790903617.504,store_0,0.000
1790903617.504,store_1,0.000
1790903617.504,avail_mb,44483
1790903617.504,pswpin,907621
1790903618.515,api,0.218
1790903618.515,enginecore,0.049
1790903618.515,other_total,0.040
1790903618.515,store_0,0.000
1790903618.515,store_1,0.000
1790903618.515,avail_mb,44442
1790903618.515,pswpin,907621
1790903619.524,api,0.178
1790903619.524,enginecore,1.596
1790903619.524,other_total,0.020
1790903619.524,store_0,0.000
1790903619.524,store_1,0.000
1790903619.524,avail_mb,43221
1790903619.524,pswpin,907621
1790903620.535,api,0.010
1790903620.535,enginecore,0.692
1790903620.535,other_total,0.020
1790903620.535,store_0,0.000
1790903620.535,store_1,0.000
1790903620.535,avail_mb,43140
1790903620.535,pswpin,907621
1790903621.546,api,0.069
1790903621.546,enginecore,0.030
1790903621.546,other_total,0.030
1790903621.546,store_0,0.000
1790903621.546,store_1,0.000
1790903621.546,avail_mb,43134
1790903621.546,pswpin,907621
1790903622.557,api,0.366
1790903622.557,enginecore,0.020
1790903622.557,other_total,0.030
1790903622.557,store_0,0.000
1790903622.557,store_1,0.000
1790903622.557,avail_mb,43080
1790903622.557,pswpin,907621
1790903623.566,api,0.040
1790903623.566,enginecore,0.426
1790903623.566,other_total,0.040
1790903623.566,store_0,0.000
1790903623.566,store_1,0.050
1790903623.566,avail_mb,42774
1790903623.566,pswpin,907621
1790903624.575,api,0.010
1790903624.575,enginecore,1.011
1790903624.575,other_total,0.010
1790903624.575,store_0,0.000
1790903624.575,store_1,0.139
1790903624.575,avail_mb,42156
1790903624.575,pswpin,907621
1790903625.584,api,0.000
1790903625.584,enginecore,0.941
1790903625.584,other_total,0.059
1790903625.584,store_0,0.000
1790903625.584,store_1,0.149
1790903625.584,avail_mb,41488
1790903625.584,pswpin,907621
1790903626.593,api,0.010
1790903626.593,enginecore,0.952
1790903626.593,other_total,0.069
1790903626.593,store_0,0.000
1790903626.593,store_1,0.149
1790903626.593,avail_mb,40842
1790903626.593,pswpin,907621
1790903627.602,api,0.010
1790903627.602,enginecore,0.951
1790903627.602,other_total,0.000
1790903627.602,store_0,0.000
1790903627.602,store_1,0.159
1790903627.602,avail_mb,40211
1790903627.602,pswpin,907621
1790903628.611,api,0.020
1790903628.611,enginecore,1.150
1790903628.611,other_total,0.387
1790903628.611,store_0,0.000
1790903628.611,store_1,0.089
1790903628.611,avail_mb,43266
1790903628.611,pswpin,907621
1790903629.622,api,0.000
1790903629.622,enginecore,0.010
1790903629.622,other_total,2.424
1790903629.622,store_0,0.000
1790903629.622,store_1,0.000
1790903629.622,avail_mb,43141
1790903629.622,pswpin,907621
1790903630.632,api,0.000
1790903630.632,client,0.000
1790903630.632,enginecore,0.030
1790903630.632,other_total,0.040
1790903630.632,store_0,0.000
1790903630.632,store_1,0.000
1790903630.632,avail_mb,43138
1790903630.632,pswpin,907621
1790903631.643,api,0.000
1790903631.643,client,0.000
1790903631.643,enginecore,0.030
1790903631.643,other_total,0.059
1790903631.643,store_0,0.000
1790903631.643,store_1,0.000
1790903631.643,avail_mb,43138
1790903631.643,pswpin,907621
1790903632.654,api,0.010
1790903632.654,client,0.000
1790903632.654,enginecore,0.168
1790903632.654,other_total,0.148
1790903632.654,store_0,0.000
1790903632.654,store_1,0.000
1790903632.654,avail_mb,43131
1790903632.654,pswpin,907621
1790903633.668,api,0.000
1790903633.668,client,0.000
1790903633.668,enginecore,1.026
1790903633.668,other_total,0.099
1790903633.668,store_0,0.000
1790903633.668,store_1,0.030
1790903633.668,avail_mb,43157
1790903633.668,pswpin,907621
1790903634.679,api,0.020
1790903634.679,client,0.010
1790903634.679,enginecore,0.326
1790903634.679,other_total,0.020
1790903634.679,store_0,0.000
1790903634.679,store_1,0.000
1790903634.679,avail_mb,43157
1790903634.679,pswpin,907621
1790903635.690,api,0.000
1790903635.690,client,0.000
1790903635.690,enginecore,0.049
1790903635.690,other_total,0.030
1790903635.690,store_0,0.000
1790903635.690,store_1,0.000
1790903635.690,avail_mb,43152
1790903635.690,pswpin,907621
1790903636.701,api,0.000
1790903636.701,client,0.000
1790903636.701,enginecore,1.167
1790903636.701,other_total,0.030
1790903636.701,store_0,0.030
1790903636.701,store_1,0.000
1790903636.701,avail_mb,43162
1790903636.701,pswpin,907621
1790903637.712,api,0.000
1790903637.712,client,0.000
1790903637.712,enginecore,0.040
1790903637.712,other_total,0.030
1790903637.712,store_0,0.000
1790903637.712,store_1,0.000
1790903637.712,avail_mb,43188
1790903637.712,pswpin,907621
1790903638.723,api,0.010
1790903638.723,client,0.000
1790903638.723,enginecore,1.256
1790903638.723,other_total,0.079
1790903638.723,store_0,0.000
1790903638.723,store_1,0.030
1790903638.723,avail_mb,43244
1790903638.723,pswpin,907621
1790903639.734,api,0.010
1790903639.734,enginecore,1.177
1790903639.734,other_total,0.079
1790903639.734,store_0,0.030
1790903639.734,store_1,0.000
1790903639.734,avail_mb,43294
1790903639.734,pswpin,907621
1790903640.744,api,0.000
1790903640.744,enginecore,0.030
1790903640.744,other_total,0.010
1790903640.744,store_0,0.000
1790903640.744,store_1,0.000
1790903640.744,avail_mb,43296
1790903640.744,pswpin,907621
1790903641.755,api,0.000
1790903641.755,enginecore,0.030
1790903641.755,other_total,0.059
1790903641.755,store_0,0.000
1790903641.755,store_1,0.000
1790903641.755,avail_mb,43291
1790903641.755,pswpin,907621
1790903642.766,api,0.010
1790903642.766,enginecore,0.030
1790903642.766,other_total,0.020
1790903642.766,store_0,0.000
1790903642.766,store_1,0.000
1790903642.766,avail_mb,43288
1790903642.766,pswpin,907621
1790903643.777,api,0.000
1790903643.777,enginecore,0.030
1790903643.777,other_total,0.049
1790903643.777,store_0,0.000
1790903643.777,store_1,0.000
1790903643.777,avail_mb,43288
1790903643.777,pswpin,907621
1790903644.788,api,0.010
1790903644.788,enginecore,0.030
1790903644.788,other_total,0.049
1790903644.788,store_0,0.000
1790903644.788,store_1,0.000
1790903644.788,avail_mb,43287
1790903644.788,pswpin,907621
1790903645.799,api,0.000
1790903645.799,enginecore,0.040
1790903645.799,other_total,0.000
1790903645.799,store_0,0.000
1790903645.799,store_1,0.000
1790903645.799,avail_mb,43287
1790903645.799,pswpin,907621
1790903646.810,api,0.000
1790903646.810,enginecore,0.020
1790903646.810,other_total,0.049
1790903646.810,store_0,0.000
1790903646.810,store_1,0.000
1790903646.810,avail_mb,43287
1790903646.810,pswpin,907621
1790903647.820,api,0.000
1790903647.820,enginecore,0.030
1790903647.820,other_total,0.030
1790903647.820,store_0,0.000
1790903647.820,store_1,0.000
1790903647.820,avail_mb,43290
1790903647.820,pswpin,907621
1790903648.831,api,0.000
1790903648.831,enginecore,0.040
1790903648.831,other_total,0.059
1790903648.831,store_0,0.000
1790903648.831,store_1,0.000
1790903648.831,avail_mb,43291
1790903648.831,pswpin,907621
1790903649.841,api,0.020
1790903649.841,enginecore,0.010
1790903649.841,other_total,2.345
1790903649.841,store_0,0.000
1790903649.841,store_1,0.000
1790903649.841,avail_mb,43206
1790903649.841,pswpin,907621
1790903650.852,api,0.010
1790903650.852,client,0.000
1790903650.852,enginecore,0.049
1790903650.852,other_total,0.010
1790903650.852,store_0,0.000
1790903650.852,store_1,0.000
1790903650.852,avail_mb,43204
1790903650.852,pswpin,907621
1790903651.863,api,0.000
1790903651.863,client,0.000
1790903651.863,enginecore,0.020
1790903651.863,other_total,0.020
1790903651.863,store_0,0.000
1790903651.863,store_1,0.000
1790903651.863,avail_mb,43207
1790903651.863,pswpin,907621
1790903652.874,api,0.020
1790903652.874,client,0.020
1790903652.874,enginecore,1.316
1790903652.874,other_total,0.010
1790903652.874,store_0,0.000
1790903652.874,store_1,0.000
1790903652.874,avail_mb,43207
1790903652.874,pswpin,907621
1790903653.883,api,0.069
1790903653.883,client,0.010
1790903653.883,enginecore,2.408
1790903653.883,other_total,0.000
1790903653.883,store_0,0.000
1790903653.883,store_1,0.000
1790903653.883,avail_mb,43207
1790903653.883,pswpin,907621
1790903654.893,api,0.040
1790903654.893,client,0.010
1790903654.893,enginecore,1.742
1790903654.893,other_total,0.040
1790903654.893,store_0,0.000
1790903654.893,store_1,0.000
1790903654.893,avail_mb,43208
1790903654.893,pswpin,907621
1790903655.902,api,0.040
1790903655.902,client,0.020
1790903655.902,enginecore,2.052
1790903655.902,other_total,0.000
1790903655.902,store_0,0.000
1790903655.902,store_1,0.000
1790903655.902,avail_mb,43210
1790903655.902,pswpin,907621
1790903656.910,api,0.030
1790903656.910,client,0.010
1790903656.910,enginecore,1.289
1790903656.910,other_total,0.020
1790903656.910,store_0,0.000
1790903656.910,store_1,0.000
1790903656.910,avail_mb,43207
1790903656.910,pswpin,907621
1790903657.919,api,0.050
1790903657.919,client,0.010
1790903657.919,enginecore,2.815
1790903657.919,other_total,0.030
1790903657.919,store_0,0.000
1790903657.919,store_1,0.000
1790903657.919,avail_mb,43207
1790903657.919,pswpin,907621
1790903658.928,api,0.050
1790903658.928,client,0.010
1790903658.928,enginecore,2.528
1790903658.928,other_total,0.030
1790903658.928,store_0,0.000
1790903658.928,store_1,0.000
1790903658.928,avail_mb,43207
1790903658.928,pswpin,907621
1790903659.936,api,0.050
1790903659.936,client,0.010
1790903659.936,enginecore,2.528
1790903659.936,other_total,0.050
1790903659.936,store_0,0.000
1790903659.936,store_1,0.000
1790903659.936,avail_mb,43207
1790903659.936,pswpin,907621
1790903660.945,api,0.030
1790903660.945,client,0.020
1790903660.945,enginecore,2.310
1790903660.945,other_total,0.030
1790903660.945,store_0,0.000
1790903660.945,store_1,0.000
1790903660.945,avail_mb,43207
1790903660.945,pswpin,907621
1790903661.954,api,0.040
1790903661.954,client,0.010
1790903661.954,enginecore,2.864
1790903661.954,other_total,0.030
1790903661.954,store_0,0.000
1790903661.954,store_1,0.000
1790903661.954,avail_mb,43208
1790903661.954,pswpin,907621
1790903662.963,api,0.069
1790903662.963,client,0.020
1790903662.963,enginecore,2.477
1790903662.963,other_total,0.000
1790903662.963,store_0,0.000
1790903662.963,store_1,0.000
1790903662.963,avail_mb,43206
1790903662.963,pswpin,907621
1790903663.972,api,0.040
1790903663.972,client,0.010
1790903663.972,enginecore,2.140
1790903663.972,other_total,0.020
1790903663.972,store_0,0.000
1790903663.972,store_1,0.000
1790903663.972,avail_mb,43207
1790903663.972,pswpin,907621
1790903664.981,api,0.030
1790903664.981,client,0.010
1790903664.981,enginecore,1.616
1790903664.981,other_total,0.059
1790903664.981,store_0,0.000
1790903664.981,store_1,0.000
1790903664.981,avail_mb,43209
1790903664.981,pswpin,907621
1790903665.989,api,0.040
1790903665.989,client,0.000
1790903665.989,enginecore,1.230
1790903665.989,other_total,0.030
1790903665.989,store_0,0.000
1790903665.989,store_1,0.000
1790903665.989,avail_mb,43208
1790903665.989,pswpin,907621
1790903666.998,api,0.050
1790903666.998,client,0.010
1790903666.998,enginecore,2.795
1790903666.998,other_total,0.069
1790903666.998,store_0,0.000
1790903666.998,store_1,0.000
1790903666.998,avail_mb,43214
1790903666.998,pswpin,907621
1790903668.007,api,0.059
1790903668.007,client,0.020
1790903668.007,enginecore,2.736
1790903668.007,other_total,0.050
1790903668.007,store_0,0.000
1790903668.007,store_1,0.000
1790903668.007,avail_mb,43214
1790903668.007,pswpin,907621
1790903669.016,api,0.059
1790903669.016,client,0.020
1790903669.016,enginecore,2.547
1790903669.016,other_total,0.000
1790903669.016,store_0,0.000
1790903669.016,store_1,0.000
1790903669.016,avail_mb,43213
1790903669.016,pswpin,907621
1790903670.025,api,0.040
1790903670.025,client,0.010
1790903670.025,enginecore,2.507
1790903670.025,other_total,0.040
1790903670.025,store_0,0.000
1790903670.025,store_1,0.000
1790903670.025,avail_mb,43213
1790903670.025,pswpin,907621
1790903671.034,api,0.040
1790903671.034,client,0.010
1790903671.034,enginecore,2.438
1790903671.034,other_total,0.050
1790903671.034,store_0,0.000
1790903671.034,store_1,0.000
1790903671.034,avail_mb,43212
1790903671.034,pswpin,907621
1790903672.043,api,0.059
1790903672.043,client,0.030
1790903672.043,enginecore,3.231
1790903672.043,other_total,0.000
1790903672.043,store_0,0.000
1790903672.043,store_1,0.000
1790903672.043,avail_mb,43211
1790903672.043,pswpin,907621
1790903673.052,api,0.079
1790903673.052,client,0.010
1790903673.052,enginecore,2.706
1790903673.052,other_total,0.000
1790903673.052,store_0,0.000
1790903673.052,store_1,0.000
1790903673.052,avail_mb,43212
1790903673.052,pswpin,907621
1790903674.060,api,0.040
1790903674.060,client,0.000
1790903674.060,enginecore,2.132
1790903674.060,other_total,0.020
1790903674.060,store_0,0.000
1790903674.060,store_1,0.000
1790903674.060,avail_mb,43212
1790903674.060,pswpin,907621
1790903675.069,api,0.059
1790903675.069,client,0.030
1790903675.069,enginecore,2.477
1790903675.069,other_total,0.000
1790903675.069,store_0,0.000
1790903675.069,store_1,0.000
1790903675.069,avail_mb,43211
1790903675.069,pswpin,907621
1790903676.078,api,0.030
1790903676.078,client,0.000
1790903676.078,enginecore,1.298
1790903676.078,other_total,0.030
1790903676.078,store_0,0.000
1790903676.078,store_1,0.000
1790903676.078,avail_mb,43210
1790903676.078,pswpin,907621
1790903677.087,api,0.030
1790903677.087,client,0.010
1790903677.087,enginecore,1.011
1790903677.087,other_total,0.000
1790903677.087,store_0,0.000
1790903677.087,store_1,0.000
1790903677.087,avail_mb,43210
1790903677.087,pswpin,907621
1790903678.096,api,0.059
1790903678.096,client,0.010
1790903678.096,enginecore,2.498
1790903678.096,other_total,0.000
1790903678.096,store_0,0.000
1790903678.096,store_1,0.000
1790903678.096,avail_mb,43215
1790903678.096,pswpin,907621
1790903679.105,api,0.040
1790903679.105,client,0.010
1790903679.105,enginecore,2.399
1790903679.105,other_total,0.020
1790903679.105,store_0,0.000
1790903679.105,store_1,0.000
1790903679.105,avail_mb,43217
1790903679.105,pswpin,907621
1790903680.114,api,0.040
1790903680.114,client,0.010
1790903680.114,enginecore,2.687
1790903680.114,other_total,0.000
1790903680.114,store_0,0.000
1790903680.114,store_1,0.000
1790903680.114,avail_mb,43217
1790903680.114,pswpin,907621
1790903681.123,api,0.050
1790903681.123,client,0.020
1790903681.123,enginecore,2.595
1790903681.123,other_total,0.030
1790903681.123,store_0,0.000
1790903681.123,store_1,0.000
1790903681.123,avail_mb,43214
1790903681.123,pswpin,907621
1790903682.132,api,0.040
1790903682.132,client,0.010
1790903682.132,enginecore,2.250
1790903682.132,other_total,0.000
1790903682.132,store_0,0.000
1790903682.132,store_1,0.000
1790903682.132,avail_mb,43213
1790903682.132,pswpin,907622
1790903683.141,api,0.030
1790903683.141,client,0.020
1790903683.141,enginecore,2.250
1790903683.141,other_total,0.030
1790903683.141,store_0,0.000
1790903683.141,store_1,0.000
1790903683.141,avail_mb,43213
1790903683.141,pswpin,907622
1790903684.150,api,0.069
1790903684.150,client,0.010
1790903684.150,enginecore,2.300
1790903684.150,other_total,0.000
1790903684.150,store_0,0.000
1790903684.150,store_1,0.000
1790903684.150,avail_mb,43212
1790903684.150,pswpin,907622
1790903685.159,api,0.030
1790903685.159,client,0.010
1790903685.159,enginecore,2.538
1790903685.159,other_total,0.020
1790903685.159,store_0,0.000
1790903685.159,store_1,0.000
1790903685.159,avail_mb,43230
1790903685.159,pswpin,907622
1790903686.167,api,0.050
1790903686.167,client,0.010
1790903686.167,enginecore,2.646
1790903686.167,other_total,0.000
1790903686.167,store_0,0.000
1790903686.167,store_1,0.000
1790903686.167,avail_mb,43232
1790903686.167,pswpin,907622
1790903687.176,api,0.040
1790903687.176,client,0.010
1790903687.176,enginecore,2.359
1790903687.176,other_total,0.059
1790903687.176,store_0,0.000
1790903687.176,store_1,0.000
1790903687.176,avail_mb,43230
1790903687.176,pswpin,907622
1790903688.189,api,0.049
1790903688.189,client,0.000
1790903688.189,enginecore,2.675
1790903688.189,other_total,0.049
1790903688.189,store_0,0.000
1790903688.189,store_1,0.000
1790903688.189,avail_mb,43228
1790903688.189,pswpin,907622
1790903689.198,api,0.050
1790903689.198,client,0.030
1790903689.198,enginecore,2.201
1790903689.198,other_total,0.010
1790903689.198,store_0,0.000
1790903689.198,store_1,0.000
1790903689.198,avail_mb,43228
1790903689.198,pswpin,907622
1790903690.206,api,0.040
1790903690.206,client,0.000
1790903690.206,enginecore,1.875
1790903690.206,other_total,0.030
1790903690.206,store_0,0.000
1790903690.206,store_1,0.000
1790903690.206,avail_mb,43228
1790903690.206,pswpin,907622
1790903691.215,api,0.050
1790903691.215,client,0.020
1790903691.215,enginecore,2.548
1790903691.215,other_total,0.000
1790903691.215,store_0,0.000
1790903691.215,store_1,0.000
1790903691.215,avail_mb,43231
1790903691.215,pswpin,907622
1790903692.223,api,0.040
1790903692.223,client,0.010
1790903692.223,enginecore,2.202
1790903692.223,other_total,0.030
1790903692.223,store_0,0.000
1790903692.223,store_1,0.000
1790903692.223,avail_mb,43231
1790903692.223,pswpin,907622
1790903693.233,api,0.040
1790903693.233,client,0.000
1790903693.233,enginecore,2.694
1790903693.233,other_total,0.020
1790903693.233,store_0,0.000
1790903693.233,store_1,0.000
1790903693.233,avail_mb,43233
1790903693.233,pswpin,907622
1790903694.242,api,0.059
1790903694.242,client,0.020
1790903694.242,enginecore,2.130
1790903694.242,other_total,0.010
1790903694.242,store_0,0.000
1790903694.242,store_1,0.000
1790903694.242,avail_mb,43232
1790903694.242,pswpin,907622
1790903695.252,api,0.049
1790903695.252,client,0.000
1790903695.252,enginecore,2.119
1790903695.252,other_total,0.040
1790903695.252,store_0,0.000
1790903695.252,store_1,0.000
1790903695.252,avail_mb,43232
1790903695.252,pswpin,907622
1790903696.261,api,0.030
1790903696.261,client,0.020
1790903696.261,enginecore,2.726
1790903696.261,other_total,0.069
1790903696.261,store_0,0.000
1790903696.261,store_1,0.000
1790903696.261,avail_mb,43235
1790903696.261,pswpin,907622
1790903697.269,api,0.050
1790903697.269,client,0.010
1790903697.269,enginecore,3.083
1790903697.269,other_total,0.099
1790903697.269,store_0,0.000
1790903697.269,store_1,0.000
1790903697.269,avail_mb,43239
1790903697.269,pswpin,907622
1790903698.278,api,0.059
1790903698.278,client,0.030
1790903698.278,enginecore,2.518
1790903698.278,other_total,0.000
1790903698.278,store_0,0.000
1790903698.278,store_1,0.000
1790903698.278,avail_mb,43240
1790903698.278,pswpin,907622
1790903699.287,api,0.069
1790903699.287,client,0.020
1790903699.287,enginecore,2.657
1790903699.287,other_total,0.030
1790903699.287,store_0,0.000
1790903699.287,store_1,0.000
1790903699.287,avail_mb,43240
1790903699.287,pswpin,907622
1790903700.296,api,0.040
1790903700.296,client,0.010
1790903700.296,enginecore,2.427
1790903700.296,other_total,0.000
1790903700.296,store_0,0.000
1790903700.296,store_1,0.000
1790903700.296,avail_mb,43240
1790903700.296,pswpin,907622
1790903701.306,api,0.050
1790903701.306,client,0.020
1790903701.306,enginecore,2.586
1790903701.306,other_total,0.000
1790903701.306,store_0,0.000
1790903701.306,store_1,0.000
1790903701.306,avail_mb,43239
1790903701.306,pswpin,907622
1790903702.314,api,0.059
1790903702.314,client,0.000
1790903702.314,enginecore,2.428
1790903702.314,other_total,0.040
1790903702.314,store_0,0.000
1790903702.314,store_1,0.000
1790903702.314,avail_mb,43236
1790903702.314,pswpin,907622
1790903703.323,api,0.040
1790903703.323,client,0.030
1790903703.323,enginecore,2.389
1790903703.323,other_total,0.030
1790903703.323,store_0,0.000
1790903703.323,store_1,0.000
1790903703.323,avail_mb,43235
1790903703.323,pswpin,907622
1790903704.332,api,0.040
1790903704.332,client,0.000
1790903704.332,enginecore,2.548
1790903704.332,other_total,0.010
1790903704.332,store_0,0.000
1790903704.332,store_1,0.000
1790903704.332,avail_mb,43235
1790903704.332,pswpin,907622
1790903705.341,api,0.059
1790903705.341,client,0.010
1790903705.341,enginecore,2.587
1790903705.341,other_total,0.000
1790903705.341,store_0,0.000
1790903705.341,store_1,0.000
1790903705.341,avail_mb,43233
1790903705.341,pswpin,907622
1790903706.350,api,0.050
1790903706.350,client,0.030
1790903706.350,enginecore,2.794
1790903706.350,other_total,0.000
1790903706.350,store_0,0.000
1790903706.350,store_1,0.000
1790903706.350,avail_mb,43233
1790903706.350,pswpin,907622
1790903707.358,api,0.050
1790903707.358,client,0.010
1790903707.358,enginecore,2.152
1790903707.358,other_total,0.000
1790903707.358,store_0,0.000
1790903707.358,store_1,0.000
1790903707.358,avail_mb,43235
1790903707.358,pswpin,907622
1790903708.367,api,0.040
1790903708.367,client,0.000
1790903708.367,enginecore,2.270
1790903708.367,other_total,0.059
1790903708.367,store_0,0.000
1790903708.367,store_1,0.000
1790903708.367,avail_mb,43233
1790903708.367,pswpin,907622
1790903709.376,api,0.059
1790903709.376,client,0.020
1790903709.376,enginecore,2.418
1790903709.376,other_total,0.010
1790903709.376,store_0,0.000
1790903709.376,store_1,0.000
1790903709.376,avail_mb,43233
1790903709.376,pswpin,907622
1790903710.385,api,0.030
1790903710.385,client,0.000
1790903710.385,enginecore,2.497
1790903710.385,other_total,0.040
1790903710.385,store_0,0.000
1790903710.385,store_1,0.000
1790903710.385,avail_mb,43235
1790903710.385,pswpin,907622
1790903711.394,api,0.069
1790903711.394,client,0.020
1790903711.394,enginecore,2.676
1790903711.394,other_total,0.000
1790903711.394,store_0,0.000
1790903711.394,store_1,0.000
1790903711.394,avail_mb,43234
1790903711.394,pswpin,907622
1790903712.403,api,0.040
1790903712.403,client,0.020
1790903712.403,enginecore,2.498
1790903712.403,other_total,0.010
1790903712.403,store_0,0.000
1790903712.403,store_1,0.000
1790903712.403,avail_mb,43234
1790903712.403,pswpin,907622
1790903713.412,api,0.050
1790903713.412,client,0.000
1790903713.412,enginecore,2.518
1790903713.412,other_total,0.020
1790903713.412,store_0,0.000
1790903713.412,store_1,0.000
1790903713.412,avail_mb,43233
1790903713.412,pswpin,907622
1790903714.420,api,0.050
1790903714.420,client,0.020
1790903714.420,enginecore,2.201
1790903714.420,other_total,0.000
1790903714.420,store_0,0.000
1790903714.420,store_1,0.000
1790903714.420,avail_mb,43235
1790903714.420,pswpin,907622
1790903715.430,api,0.040
1790903715.430,client,0.010
1790903715.430,enginecore,2.110
1790903715.430,other_total,0.020
1790903715.430,store_0,0.000
1790903715.430,store_1,0.000
1790903715.430,avail_mb,43235
1790903715.430,pswpin,907622
1790903716.438,api,0.030
1790903716.438,client,0.010
1790903716.438,enginecore,1.586
1790903716.438,other_total,0.030
1790903716.438,store_0,0.000
1790903716.438,store_1,0.000
1790903716.438,avail_mb,43237
1790903716.438,pswpin,907622
1790903717.447,api,0.050
1790903717.447,client,0.010
1790903717.447,enginecore,2.349
1790903717.447,other_total,0.030
1790903717.447,store_0,0.000
1790903717.447,store_1,0.000
1790903717.447,avail_mb,43236
1790903717.447,pswpin,907622
1790903718.456,api,0.059
1790903718.456,client,0.010
1790903718.456,enginecore,2.666
1790903718.456,other_total,0.000
1790903718.456,store_0,0.000
1790903718.456,store_1,0.000
1790903718.456,avail_mb,43237
1790903718.456,pswpin,907622
1790903719.465,api,0.050
1790903719.465,client,0.020
1790903719.465,enginecore,2.776
1790903719.465,other_total,0.059
1790903719.465,store_0,0.000
1790903719.465,store_1,0.000
1790903719.465,avail_mb,43237
1790903719.465,pswpin,907622
1790903720.474,api,0.059
1790903720.474,client,0.030
1790903720.474,enginecore,2.577
1790903720.474,other_total,0.000
1790903720.474,store_0,0.000
1790903720.474,store_1,0.000
1790903720.474,avail_mb,43236
1790903720.474,pswpin,907622
1790903721.482,api,0.040
1790903721.482,client,0.020
1790903721.482,enginecore,2.330
1790903721.482,other_total,0.010
1790903721.482,store_0,0.000
1790903721.482,store_1,0.000
1790903721.482,avail_mb,43236
1790903721.482,pswpin,907622
1790903722.492,api,0.040
1790903722.492,client,0.010
1790903722.492,enginecore,2.527
1790903722.492,other_total,0.040
1790903722.492,store_0,0.000
1790903722.492,store_1,0.000
1790903722.492,avail_mb,43233
1790903722.492,pswpin,907622
1790903723.516,api,0.049
1790903723.516,client,0.010
1790903723.516,enginecore,2.215
1790903723.516,other_total,0.039
1790903723.516,store_0,0.000
1790903723.516,store_1,0.000
1790903723.516,avail_mb,43235
1790903723.516,pswpin,907622
1790903724.525,api,0.010
1790903724.525,client,0.000
1790903724.525,enginecore,0.278
1790903724.525,other_total,0.020
1790903724.525,store_0,0.000
1790903724.525,store_1,0.000
1790903724.525,avail_mb,43234
1790903724.525,pswpin,907622
1790903725.534,api,0.000
1790903725.534,client,0.000
1790903725.534,enginecore,0.020
1790903725.534,other_total,0.000
1790903725.534,store_0,0.000
1790903725.534,store_1,0.000
1790903725.534,avail_mb,43234
1790903725.534,pswpin,907622
1790903726.544,api,0.010
1790903726.544,client,0.010
1790903726.544,enginecore,0.515
1790903726.544,other_total,0.040
1790903726.544,store_0,0.000
1790903726.544,store_1,0.000
1790903726.544,avail_mb,43233
1790903726.544,pswpin,907622
1790903727.553,api,0.059
1790903727.553,client,0.020
1790903727.553,enginecore,2.874
1790903727.553,other_total,0.040
1790903727.553,store_0,0.000
1790903727.553,store_1,0.000
1790903727.553,avail_mb,43233
1790903727.553,pswpin,907622
1790903728.561,api,0.079
1790903728.561,client,0.020
1790903728.561,enginecore,2.826
1790903728.561,other_total,0.000
1790903728.561,store_0,0.000
1790903728.561,store_1,0.000
1790903728.561,avail_mb,43231
1790903728.561,pswpin,907622
1790903729.570,api,0.059
1790903729.570,client,0.020
1790903729.570,enginecore,2.647
1790903729.570,other_total,0.089
1790903729.570,store_0,0.000
1790903729.570,store_1,0.000
1790903729.570,avail_mb,43229
1790903729.570,pswpin,907622
1790903730.578,api,0.059
1790903730.578,client,0.030
1790903730.578,enginecore,2.835
1790903730.578,other_total,0.020
1790903730.578,store_0,0.000
1790903730.578,store_1,0.000
1790903730.578,avail_mb,43230
1790903730.578,pswpin,907622
1790903731.587,api,0.069
1790903731.587,client,0.030
1790903731.587,enginecore,2.607
1790903731.587,other_total,0.000
1790903731.587,store_0,0.000
1790903731.587,store_1,0.000
1790903731.587,avail_mb,43230
1790903731.587,pswpin,907622
1790903732.596,api,0.050
1790903732.596,client,0.010
1790903732.596,enginecore,2.429
1790903732.596,other_total,0.040
1790903732.596,store_0,0.000
1790903732.596,store_1,0.000
1790903732.596,avail_mb,43228
1790903732.596,pswpin,907622
1790903733.605,api,0.059
1790903733.605,client,0.020
1790903733.605,enginecore,2.637
1790903733.605,other_total,0.000
1790903733.605,store_0,0.000
1790903733.605,store_1,0.000
1790903733.605,avail_mb,43228
1790903733.605,pswpin,907622
1790903734.614,api,0.059
1790903734.614,client,0.040
1790903734.614,enginecore,2.706
1790903734.614,other_total,0.000
1790903734.614,store_0,0.000
1790903734.614,store_1,0.000
1790903734.614,avail_mb,43228
1790903734.614,pswpin,907622
1790903735.622,api,0.059
1790903735.622,client,0.010
1790903735.622,enginecore,2.548
1790903735.622,other_total,0.030
1790903735.622,store_0,0.000
1790903735.622,store_1,0.000
1790903735.622,avail_mb,43229
1790903735.622,pswpin,907622
1790903736.631,api,0.059
1790903736.631,client,0.020
1790903736.631,enginecore,2.537
1790903736.631,other_total,0.000
1790903736.631,store_0,0.000
1790903736.631,store_1,0.000
1790903736.631,avail_mb,43228
1790903736.631,pswpin,907622
1790903737.640,api,0.040
1790903737.640,client,0.020
1790903737.640,enginecore,2.330
1790903737.640,other_total,0.000
1790903737.640,store_0,0.000
1790903737.640,store_1,0.000
1790903737.640,avail_mb,43229
1790903737.640,pswpin,907622
1790903738.649,api,0.040
1790903738.649,client,0.010
1790903738.649,enginecore,1.645
1790903738.649,other_total,0.010
1790903738.649,store_0,0.000
1790903738.649,store_1,0.000
1790903738.649,avail_mb,43232
1790903738.649,pswpin,907622
1790903739.658,api,0.069
1790903739.658,client,0.020
1790903739.658,enginecore,2.518
1790903739.658,other_total,0.010
1790903739.658,store_0,0.000
1790903739.658,store_1,0.000
1790903739.658,avail_mb,43232
1790903739.658,pswpin,907622
1790903740.666,api,0.050
1790903740.666,client,0.020
1790903740.666,enginecore,2.330
1790903740.666,other_total,0.030
1790903740.666,store_0,0.000
1790903740.666,store_1,0.000
1790903740.666,avail_mb,43232
1790903740.666,pswpin,907622
1790903741.675,api,0.030
1790903741.675,client,0.020
1790903741.675,enginecore,2.458
1790903741.675,other_total,0.010
1790903741.675,store_0,0.000
1790903741.675,store_1,0.000
1790903741.675,avail_mb,43231
1790903741.675,pswpin,907622
1790903742.685,api,0.059
1790903742.685,client,0.000
1790903742.685,enginecore,2.477
1790903742.685,other_total,0.010
1790903742.685,store_0,0.000
1790903742.685,store_1,0.000
1790903742.685,avail_mb,43230
1790903742.685,pswpin,907622
1790903743.693,api,0.059
1790903743.693,client,0.020
1790903743.693,enginecore,2.012
1790903743.693,other_total,0.030
1790903743.693,store_0,0.000
1790903743.693,store_1,0.000
1790903743.693,avail_mb,43231
1790903743.693,pswpin,907622
1790903744.702,api,0.040
1790903744.702,client,0.030
1790903744.702,enginecore,2.755
1790903744.702,other_total,0.030
1790903744.702,store_0,0.000
1790903744.702,store_1,0.000
1790903744.702,avail_mb,43230
1790903744.702,pswpin,907622
1790903745.711,api,0.040
1790903745.711,client,0.030
1790903745.711,enginecore,2.547
1790903745.711,other_total,0.000
1790903745.711,store_0,0.000
1790903745.711,store_1,0.000
1790903745.711,avail_mb,43235
1790903745.711,pswpin,907622
1790903746.720,api,0.059
1790903746.720,client,0.020
1790903746.720,enginecore,2.785
1790903746.720,other_total,0.040
1790903746.720,store_0,0.000
1790903746.720,store_1,0.000
1790903746.720,avail_mb,43235
1790903746.720,pswpin,907622
1790903747.729,api,0.059
1790903747.729,client,0.010
1790903747.729,enginecore,2.617
1790903747.729,other_total,0.059
1790903747.729,store_0,0.000
1790903747.729,store_1,0.000
1790903747.729,avail_mb,43234
1790903747.729,pswpin,907622
1790903748.738,api,0.059
1790903748.738,client,0.020
1790903748.738,enginecore,2.536
1790903748.738,other_total,0.059
1790903748.738,store_0,0.000
1790903748.738,store_1,0.000
1790903748.738,avail_mb,43234
1790903748.738,pswpin,907622
1790903749.747,api,0.050
1790903749.747,client,0.010
1790903749.747,enginecore,2.339
1790903749.747,other_total,0.050
1790903749.747,store_0,0.000
1790903749.747,store_1,0.000
1790903749.747,avail_mb,43233
1790903749.747,pswpin,907622
1790903750.756,api,0.050
1790903750.756,client,0.020
1790903750.756,enginecore,2.051
1790903750.756,other_total,0.050
1790903750.756,store_0,0.000
1790903750.756,store_1,0.000
1790903750.756,avail_mb,43230
1790903750.756,pswpin,907622
1790903751.766,api,0.059
1790903751.766,client,0.010
1790903751.766,enginecore,2.695
1790903751.766,other_total,0.030
1790903751.766,store_0,0.000
1790903751.766,store_1,0.000
1790903751.766,avail_mb,43228
1790903751.766,pswpin,907622
1790903752.774,api,0.050
1790903752.774,client,0.020
1790903752.774,enginecore,2.588
1790903752.774,other_total,0.020
1790903752.774,store_0,0.000
1790903752.774,store_1,0.000
1790903752.774,avail_mb,43227
1790903752.774,pswpin,907622
1790903753.783,api,0.030
1790903753.783,client,0.020
1790903753.783,enginecore,2.271
1790903753.783,other_total,0.040
1790903753.783,store_0,0.000
1790903753.783,store_1,0.000
1790903753.783,avail_mb,43227
1790903753.783,pswpin,907622
1790903754.792,api,0.030
1790903754.792,client,0.010
1790903754.792,enginecore,1.309
1790903754.792,other_total,0.059
1790903754.792,store_0,0.000
1790903754.792,store_1,0.000
1790903754.792,avail_mb,43227
1790903754.792,pswpin,907622
1790903755.800,api,0.040
1790903755.800,client,0.010
1790903755.800,enginecore,0.962
1790903755.800,other_total,0.000
1790903755.800,store_0,0.000
1790903755.800,store_1,0.000
1790903755.800,avail_mb,43226
1790903755.800,pswpin,907622
1790903756.809,api,0.050
1790903756.809,client,0.020
1790903756.809,enginecore,2.200
1790903756.809,other_total,0.010
1790903756.809,store_0,0.000
1790903756.809,store_1,0.000
1790903756.809,avail_mb,43227
1790903756.809,pswpin,907622
1790903757.818,api,0.050
1790903757.818,client,0.010
1790903757.818,enginecore,2.350
1790903757.818,other_total,0.050
1790903757.818,store_0,0.000
1790903757.818,store_1,0.000
1790903757.818,avail_mb,43227
1790903757.818,pswpin,907622
1790903758.827,api,0.050
1790903758.827,client,0.020
1790903758.827,enginecore,2.300
1790903758.827,other_total,0.030
1790903758.827,store_0,0.000
1790903758.827,store_1,0.000
1790903758.827,avail_mb,43225
1790903758.827,pswpin,907622
1790903759.836,api,0.059
1790903759.836,client,0.030
1790903759.836,enginecore,2.567
1790903759.836,other_total,0.010
1790903759.836,store_0,0.000
1790903759.836,store_1,0.000
1790903759.836,avail_mb,43226
1790903759.836,pswpin,907622
1790903760.845,api,0.059
1790903760.845,client,0.000
1790903760.845,enginecore,2.488
1790903760.845,other_total,0.010
1790903760.845,store_0,0.000
1790903760.845,store_1,0.000
1790903760.845,avail_mb,43226
1790903760.845,pswpin,907622
1790903761.853,api,0.050
1790903761.853,client,0.020
1790903761.853,enginecore,2.528
1790903761.853,other_total,0.069
1790903761.853,store_0,0.000
1790903761.853,store_1,0.000
1790903761.853,avail_mb,43227
1790903761.853,pswpin,907622
1790903762.862,api,0.059
1790903762.862,client,0.020
1790903762.862,enginecore,2.786
1790903762.862,other_total,0.020
1790903762.862,store_0,0.000
1790903762.862,store_1,0.000
1790903762.862,avail_mb,43225
1790903762.862,pswpin,907622
1790903763.871,api,0.040
1790903763.871,client,0.010
1790903763.871,enginecore,2.379
1790903763.871,other_total,0.030
1790903763.871,store_0,0.000
1790903763.871,store_1,0.000
1790903763.871,avail_mb,43225
1790903763.871,pswpin,907622
1790903764.879,api,0.050
1790903764.879,client,0.020
1790903764.879,enginecore,1.993
1790903764.879,other_total,0.000
1790903764.879,store_0,0.000
1790903764.879,store_1,0.000
1790903764.879,avail_mb,43222
1790903764.879,pswpin,907622
1790903765.888,api,0.030
1790903765.888,client,0.010
1790903765.888,enginecore,2.082
1790903765.888,other_total,0.010
1790903765.888,store_0,0.000
1790903765.888,store_1,0.000
1790903765.888,avail_mb,43222
1790903765.888,pswpin,907622
1790903766.897,api,0.050
1790903766.897,client,0.030
1790903766.897,enginecore,2.963
1790903766.897,other_total,0.000
1790903766.897,store_0,0.000
1790903766.897,store_1,0.000
1790903766.897,avail_mb,43227
1790903766.897,pswpin,907622
1790903767.906,api,0.079
1790903767.906,client,0.020
1790903767.906,enginecore,2.825
1790903767.906,other_total,0.000
1790903767.906,store_0,0.000
1790903767.906,store_1,0.000
1790903767.906,avail_mb,43226
1790903767.906,pswpin,907622
1790903768.915,api,0.050
1790903768.915,client,0.030
1790903768.915,enginecore,2.468
1790903768.915,other_total,0.030
1790903768.915,store_0,0.000
1790903768.915,store_1,0.000
1790903768.915,avail_mb,43227
1790903768.915,pswpin,907622
1790903769.924,api,0.059
1790903769.924,client,0.010
1790903769.924,enginecore,2.626
1790903769.924,other_total,0.030
1790903769.924,store_0,0.000
1790903769.924,store_1,0.000
1790903769.924,avail_mb,43227
1790903769.924,pswpin,907622
1790903770.933,api,0.069
1790903770.933,client,0.030
1790903770.933,enginecore,2.716
1790903770.933,other_total,0.000
1790903770.933,store_0,0.000
1790903770.933,store_1,0.000
1790903770.933,avail_mb,43228
1790903770.933,pswpin,907622
1790903771.942,api,0.040
1790903771.942,client,0.020
1790903771.942,enginecore,2.280
1790903771.942,other_total,0.030
1790903771.942,store_0,0.000
1790903771.942,store_1,0.000
1790903771.942,avail_mb,43227
1790903771.942,pswpin,907622
1790903772.951,api,0.050
1790903772.951,client,0.020
1790903772.951,enginecore,1.735
1790903772.951,other_total,0.000
1790903772.951,store_0,0.000
1790903772.951,store_1,0.000
1790903772.951,avail_mb,43227
1790903772.951,pswpin,907622
1790903773.965,api,0.039
1790903773.965,client,0.020
1790903773.965,enginecore,2.386
1790903773.965,other_total,0.039
1790903773.965,store_0,0.000
1790903773.965,store_1,0.000
1790903773.965,avail_mb,43228
1790903773.965,pswpin,907622
1790903774.974,api,0.040
1790903774.974,client,0.020
1790903774.974,enginecore,2.458
1790903774.974,other_total,0.020
1790903774.974,store_0,0.000
1790903774.974,store_1,0.000
1790903774.974,avail_mb,43227
1790903774.974,pswpin,907622
1790903775.983,api,0.069
1790903775.983,client,0.010
1790903775.983,enginecore,2.479
1790903775.983,other_total,0.000
1790903775.983,store_0,0.000
1790903775.983,store_1,0.000
1790903775.983,avail_mb,43228
1790903775.983,pswpin,907622
1790903776.991,api,0.040
1790903776.991,client,0.020
1790903776.991,enginecore,2.122
1790903776.991,other_total,0.000
1790903776.991,store_0,0.000
1790903776.991,store_1,0.000
1790903776.991,avail_mb,43228
1790903776.991,pswpin,907622
1790903778.000,api,0.050
1790903778.000,client,0.020
1790903778.000,enginecore,2.528
1790903778.000,other_total,0.030
1790903778.000,store_0,0.000
1790903778.000,store_1,0.000
1790903778.000,avail_mb,43227
1790903778.000,pswpin,907622
1790903779.009,api,0.030
1790903779.009,client,0.020
1790903779.009,enginecore,2.448
1790903779.009,other_total,0.020
1790903779.009,store_0,0.000
1790903779.009,store_1,0.000
1790903779.009,avail_mb,43226
1790903779.009,pswpin,907622
1790903780.018,api,0.059
1790903780.018,client,0.000
1790903780.018,enginecore,1.982
1790903780.018,other_total,0.079
1790903780.018,store_0,0.000
1790903780.018,store_1,0.000
1790903780.018,avail_mb,43225
1790903780.018,pswpin,907622
1790903781.027,api,0.040
1790903781.027,client,0.020
1790903781.027,enginecore,1.755
1790903781.027,other_total,0.069
1790903781.027,store_0,0.000
1790903781.027,store_1,0.000
1790903781.027,avail_mb,43224
1790903781.027,pswpin,907622
1790903782.036,api,0.050
1790903782.036,client,0.010
1790903782.036,enginecore,1.547
1790903782.036,other_total,0.040
1790903782.036,store_0,0.000
1790903782.036,store_1,0.000
1790903782.036,avail_mb,43222
1790903782.036,pswpin,907622
1790903783.045,api,0.040
1790903783.045,client,0.030
1790903783.045,enginecore,2.538
1790903783.045,other_total,0.050
1790903783.045,store_0,0.000
1790903783.045,store_1,0.000
1790903783.045,avail_mb,43224
1790903783.045,pswpin,907622
1790903784.055,api,0.059
1790903784.055,client,0.020
1790903784.055,enginecore,2.533
1790903784.055,other_total,0.000
1790903784.055,store_0,0.000
1790903784.055,store_1,0.000
1790903784.055,avail_mb,43223
1790903784.055,pswpin,907622
1790903785.064,api,0.030
1790903785.064,client,0.030
1790903785.064,enginecore,2.538
1790903785.064,other_total,0.000
1790903785.064,store_0,0.000
1790903785.064,store_1,0.000
1790903785.064,avail_mb,43223
1790903785.064,pswpin,907622
1790903786.073,api,0.059
1790903786.073,client,0.000
1790903786.073,enginecore,2.439
1790903786.073,other_total,0.010
1790903786.073,store_0,0.000
1790903786.073,store_1,0.000
1790903786.073,avail_mb,43223
1790903786.073,pswpin,907622
1790903787.081,api,0.030
1790903787.081,client,0.030
1790903787.081,enginecore,2.559
1790903787.081,other_total,0.030
1790903787.081,store_0,0.000
1790903787.081,store_1,0.000
1790903787.081,avail_mb,43223
1790903787.081,pswpin,907622
1790903788.090,api,0.069
1790903788.090,client,0.010
1790903788.090,enginecore,2.458
1790903788.090,other_total,0.040
1790903788.090,store_0,0.000
1790903788.090,store_1,0.000
1790903788.090,avail_mb,43223
1790903788.090,pswpin,907622
1790903789.098,api,0.050
1790903789.098,client,0.010
1790903789.098,enginecore,2.370
1790903789.098,other_total,0.020
1790903789.098,store_0,0.000
1790903789.098,store_1,0.000
1790903789.098,avail_mb,43219
1790903789.098,pswpin,907622
1790903790.107,api,0.069
1790903790.107,client,0.020
1790903790.107,enginecore,2.657
1790903790.107,other_total,0.000
1790903790.107,store_0,0.000
1790903790.107,store_1,0.000
1790903790.107,avail_mb,43221
1790903790.107,pswpin,907622
1790903791.116,api,0.040
1790903791.116,client,0.030
1790903791.116,enginecore,2.656
1790903791.116,other_total,0.030
1790903791.116,store_0,0.000
1790903791.116,store_1,0.000
1790903791.116,avail_mb,43221
1790903791.116,pswpin,907622
1790903792.125,api,0.069
1790903792.125,client,0.030
1790903792.125,enginecore,2.646
1790903792.125,other_total,0.000
1790903792.125,store_0,0.000
1790903792.125,store_1,0.000
1790903792.125,avail_mb,43216
1790903792.125,pswpin,907622
1790903793.134,api,0.050
1790903793.134,client,0.020
1790903793.134,enginecore,2.369
1790903793.134,other_total,0.020
1790903793.134,store_0,0.000
1790903793.134,store_1,0.000
1790903793.134,avail_mb,43217
1790903793.134,pswpin,907622
1790903794.143,api,0.050
1790903794.143,client,0.010
1790903794.143,enginecore,1.566
1790903794.143,other_total,0.000
1790903794.143,store_0,0.000
1790903794.143,store_1,0.000
1790903794.143,avail_mb,43256
1790903794.143,pswpin,907622
1790903795.151,api,0.040
1790903795.151,client,0.010
1790903795.151,enginecore,1.269
1790903795.151,other_total,0.030
1790903795.151,store_0,0.000
1790903795.151,store_1,0.000
1790903795.151,avail_mb,43261
1790903795.151,pswpin,907622
1790903796.160,api,0.040
1790903796.160,client,0.010
1790903796.160,enginecore,1.180
1790903796.160,other_total,0.000
1790903796.160,store_0,0.000
1790903796.160,store_1,0.000
1790903796.160,avail_mb,43260
1790903796.160,pswpin,907622
1790903797.169,api,0.020
1790903797.169,client,0.020
1790903797.169,enginecore,0.733
1790903797.169,other_total,0.010
1790903797.169,store_0,0.000
1790903797.169,store_1,0.000
1790903797.169,avail_mb,43260
1790903797.169,pswpin,907622
1790903798.180,api,0.000
1790903798.180,client,0.000
1790903798.180,enginecore,0.030
1790903798.180,other_total,0.079
1790903798.180,store_0,0.000
1790903798.180,store_1,0.000
1790903798.180,avail_mb,43261
1790903798.180,pswpin,907622
1790903799.189,api,0.020
1790903799.189,client,0.000
1790903799.189,enginecore,0.654
1790903799.189,other_total,0.010
1790903799.189,store_0,0.000
1790903799.189,store_1,0.000
1790903799.189,avail_mb,43260
1790903799.189,pswpin,907622
1790903800.198,api,0.040
1790903800.198,client,0.020
1790903800.198,enginecore,1.526
1790903800.198,other_total,0.040
1790903800.198,store_0,0.000
1790903800.198,store_1,0.000
1790903800.198,avail_mb,43261
1790903800.198,pswpin,907622
1790903801.207,api,0.059
1790903801.207,client,0.010
1790903801.207,enginecore,1.288
1790903801.207,other_total,0.020
1790903801.207,store_0,0.000
1790903801.207,store_1,0.000
1790903801.207,avail_mb,43260
1790903801.207,pswpin,907622
1790903802.216,api,0.040
1790903802.216,client,0.010
1790903802.216,enginecore,1.308
1790903802.216,other_total,0.010
1790903802.216,store_0,0.000
1790903802.216,store_1,0.000
1790903802.216,avail_mb,43258
1790903802.216,pswpin,907622
1790903803.225,api,0.010
1790903803.225,client,0.010
1790903803.225,enginecore,0.367
1790903803.225,other_total,0.020
1790903803.225,store_0,0.000
1790903803.225,store_1,0.000
1790903803.225,avail_mb,43258
1790903803.225,pswpin,907622
1790903804.233,api,0.010
1790903804.233,client,0.010
1790903804.233,enginecore,0.595
1790903804.233,other_total,0.109
1790903804.233,store_0,0.000
1790903804.233,store_1,0.000
1790903804.233,avail_mb,43260
1790903804.233,pswpin,907622
1790903805.242,api,0.040
1790903805.242,enginecore,0.882
1790903805.242,other_total,0.030
1790903805.242,store_0,0.000
1790903805.242,store_1,0.000
1790903805.242,avail_mb,43305
1790903805.242,pswpin,907622
1790903806.253,api,0.000
1790903806.253,enginecore,0.030
1790903806.253,other_total,0.049
1790903806.253,store_0,0.000
1790903806.253,store_1,0.000
1790903806.253,avail_mb,43306
1790903806.253,pswpin,907622
1790903807.263,api,0.000
1790903807.263,enginecore,0.030
1790903807.263,other_total,0.079
1790903807.263,store_0,0.000
1790903807.263,store_1,0.000
1790903807.263,avail_mb,43308
1790903807.263,pswpin,907622
1790903808.274,api,0.000
1790903808.274,enginecore,0.040
1790903808.274,other_total,0.020
1790903808.274,store_0,0.000
1790903808.274,store_1,0.000
1790903808.274,avail_mb,43308
1790903808.274,pswpin,907622
1790903809.302,api,0.019
1790903809.302,enginecore,0.019
1790903809.302,other_total,1.605
1790903809.302,store_0,0.000
1790903809.302,store_1,0.000
1790903809.302,avail_mb,43265
1790903809.302,pswpin,907622
1790903810.313,api,0.000
1790903810.313,client,0.752
1790903810.313,enginecore,0.000
1790903810.313,other_total,0.109
1790903810.313,store_0,0.000
1790903810.313,store_1,0.000
1790903810.313,avail_mb,43188
1790903810.313,pswpin,907622
1790903811.323,api,0.000
1790903811.323,client,0.000
1790903811.323,enginecore,0.030
1790903811.323,other_total,0.010
1790903811.323,store_0,0.000
1790903811.323,store_1,0.000
1790903811.323,avail_mb,43188
1790903811.323,pswpin,907622
1790903812.333,api,0.000
1790903812.333,client,0.000
1790903812.333,enginecore,0.000
1790903812.333,other_total,0.040
1790903812.333,store_0,0.000
1790903812.333,store_1,0.000
1790903812.333,avail_mb,43198
1790903812.333,pswpin,907622
1790903813.344,api,0.010
1790903813.344,client,0.000
1790903813.344,enginecore,0.158
1790903813.344,other_total,0.109
1790903813.344,store_0,0.000
1790903813.344,store_1,0.000
1790903813.344,avail_mb,43182
1790903813.344,pswpin,907622
1790903814.354,api,0.000
1790903814.354,client,0.000
1790903814.354,enginecore,0.158
1790903814.354,other_total,0.030
1790903814.354,store_0,0.000
1790903814.354,store_1,0.000
1790903814.354,avail_mb,43181
1790903814.354,pswpin,907622
1790903815.365,api,0.000
1790903815.365,client,0.000
1790903815.365,enginecore,0.148
1790903815.365,other_total,0.040
1790903815.365,store_0,0.000
1790903815.365,store_1,0.000
1790903815.365,avail_mb,43180
1790903815.365,pswpin,907622
1790903816.375,api,0.010
1790903816.375,client,0.000
1790903816.375,enginecore,0.208
1790903816.375,other_total,0.020
1790903816.375,store_0,0.000
1790903816.375,store_1,0.000
1790903816.375,avail_mb,43191
1790903816.375,pswpin,907622
1790903817.385,api,0.000
1790903817.385,client,0.000
1790903817.385,enginecore,0.010
1790903817.385,other_total,0.010
1790903817.385,store_0,0.000
1790903817.385,store_1,0.000
1790903817.385,avail_mb,43194
1790903817.385,pswpin,907622
1790903818.396,api,0.010
1790903818.396,client,0.010
1790903818.396,enginecore,1.395
1790903818.396,other_total,0.010
1790903818.396,store_0,0.000
1790903818.396,store_1,0.030
1790903818.396,avail_mb,43203
1790903818.396,pswpin,907622
1790903819.407,api,0.010
1790903819.407,client,0.000
1790903819.407,enginecore,2.266
1790903819.407,other_total,0.069
1790903819.407,store_0,0.000
1790903819.407,store_1,0.049
1790903819.407,avail_mb,43210
1790903819.407,pswpin,907622
1790903820.421,api,0.010
1790903820.421,client,0.000
1790903820.421,enginecore,1.844
1790903820.421,other_total,0.000
1790903820.421,store_0,0.030
1790903820.421,store_1,0.030
1790903820.421,avail_mb,43214
1790903820.421,pswpin,907622
1790903821.431,api,0.000
1790903821.431,client,0.000
1790903821.431,enginecore,0.732
1790903821.431,other_total,0.030
1790903821.431,store_0,0.000
1790903821.431,store_1,0.000
1790903821.431,avail_mb,43215
1790903821.431,pswpin,907622
1790903822.442,api,0.010
1790903822.442,client,0.000
1790903822.442,enginecore,2.296
1790903822.442,other_total,0.040
1790903822.442,store_0,0.000
1790903822.442,store_1,0.069
1790903822.442,avail_mb,43213
1790903822.442,pswpin,907622
1790903823.453,api,0.010
1790903823.453,client,0.000
1790903823.453,enginecore,1.148
1790903823.453,other_total,0.040
1790903823.453,store_0,0.030
1790903823.453,store_1,0.000
1790903823.453,avail_mb,43215
1790903823.453,pswpin,907622
1790903824.463,api,0.010
1790903824.463,client,0.010
1790903824.463,enginecore,2.325
1790903824.463,other_total,0.059
1790903824.463,store_0,0.020
1790903824.463,store_1,0.020
1790903824.463,avail_mb,43212
1790903824.463,pswpin,907622
1790903825.474,api,0.000
1790903825.474,client,0.000
1790903825.474,enginecore,1.148
1790903825.474,other_total,0.049
1790903825.474,store_0,0.030
1790903825.474,store_1,0.000
1790903825.474,avail_mb,43211
1790903825.474,pswpin,907622
1790903826.485,api,0.010
1790903826.485,client,0.000
1790903826.485,enginecore,1.168
1790903826.485,other_total,0.010
1790903826.485,store_0,0.000
1790903826.485,store_1,0.030
1790903826.485,avail_mb,43211
1790903826.485,pswpin,907622
1790903827.495,api,0.010
1790903827.495,client,0.010
1790903827.495,enginecore,1.138
1790903827.495,other_total,0.030
1790903827.495,store_0,0.000
1790903827.495,store_1,0.030
1790903827.495,avail_mb,43212
1790903827.495,pswpin,907622
1790903828.506,api,0.000
1790903828.506,client,0.000
1790903828.506,enginecore,0.020
1790903828.506,other_total,0.030
1790903828.506,store_0,0.000
1790903828.506,store_1,0.000
1790903828.506,avail_mb,43211
1790903828.506,pswpin,907622
1790903829.516,api,0.010
1790903829.516,client,0.000
1790903829.516,enginecore,2.286
1790903829.516,other_total,0.049
1790903829.516,store_0,0.000
1790903829.516,store_1,0.049
1790903829.516,avail_mb,43258
1790903829.516,pswpin,907622
1790903830.527,api,0.010
1790903830.527,client,0.000
1790903830.527,enginecore,1.168
1790903830.527,other_total,0.000
1790903830.527,store_0,0.030
1790903830.527,store_1,0.000
1790903830.527,avail_mb,43260
1790903830.527,pswpin,907622
1790903831.538,api,0.010
1790903831.538,client,0.000
1790903831.538,enginecore,1.158
1790903831.538,other_total,0.010
1790903831.538,store_0,0.030
1790903831.538,store_1,0.000
1790903831.538,avail_mb,43260
1790903831.538,pswpin,907622
1790903832.548,api,0.000
1790903832.548,client,0.000
1790903832.548,enginecore,0.000
1790903832.548,other_total,0.059
1790903832.548,store_0,0.000
1790903832.548,store_1,0.000
1790903832.548,avail_mb,43256
1790903832.548,pswpin,907622
1790903833.559,api,0.000
1790903833.559,client,0.000
1790903833.559,enginecore,1.158
1790903833.559,other_total,0.000
1790903833.559,store_0,0.030
1790903833.559,store_1,0.000
1790903833.559,avail_mb,43255
1790903833.559,pswpin,907622
1790903834.569,api,0.000
1790903834.569,client,0.000
1790903834.569,enginecore,0.000
1790903834.569,other_total,0.049
1790903834.569,store_0,0.000
1790903834.569,store_1,0.000
1790903834.569,avail_mb,43255
1790903834.569,pswpin,907622
1790903835.579,api,0.000
1790903835.579,client,0.000
1790903835.579,enginecore,0.020
1790903835.579,other_total,0.010
1790903835.579,store_0,0.000
1790903835.579,store_1,0.000
1790903835.579,avail_mb,43255
1790903835.579,pswpin,907622
1790903836.590,api,0.000
1790903836.590,client,0.000
1790903836.590,enginecore,0.000
1790903836.590,other_total,0.030
1790903836.590,store_0,0.000
1790903836.590,store_1,0.000
1790903836.590,avail_mb,43255
1790903836.590,pswpin,907622
1790903837.601,api,0.020
1790903837.601,client,0.000
1790903837.601,enginecore,0.040
1790903837.601,other_total,0.020
1790903837.601,store_0,0.000
1790903837.601,store_1,0.000
1790903837.601,avail_mb,43255
1790903837.601,pswpin,907622
1790903838.612,api,0.000
1790903838.612,client,0.000
1790903838.612,enginecore,0.030
1790903838.612,other_total,0.020
1790903838.612,store_0,0.000
1790903838.612,store_1,0.000
1790903838.612,avail_mb,43254
1790903838.612,pswpin,907622
1790903839.623,api,0.000
1790903839.623,client,0.000
1790903839.623,enginecore,1.158
1790903839.623,other_total,0.099
1790903839.623,store_0,0.030
1790903839.623,store_1,0.000
1790903839.623,avail_mb,43255
1790903839.623,pswpin,907622
1790903840.633,api,0.010
1790903840.633,client,0.000
1790903840.633,enginecore,0.040
1790903840.633,other_total,0.030
1790903840.633,store_0,0.000
1790903840.633,store_1,0.000
1790903840.633,avail_mb,43253
1790903840.633,pswpin,907622
1790903841.644,api,0.000
1790903841.644,client,0.010
1790903841.644,enginecore,1.158
1790903841.644,other_total,0.059
1790903841.644,store_0,0.030
1790903841.644,store_1,0.000
1790903841.644,avail_mb,43257
1790903841.644,pswpin,907622
1790903842.655,api,0.020
1790903842.655,client,0.000
1790903842.655,enginecore,1.197
1790903842.655,other_total,0.000
1790903842.655,store_0,0.030
1790903842.655,store_1,0.000
1790903842.655,avail_mb,43262
1790903842.655,pswpin,907622
1790903843.665,api,0.000
1790903843.665,client,0.000
1790903843.665,enginecore,0.040
1790903843.665,other_total,0.059
1790903843.665,store_0,0.000
1790903843.665,store_1,0.000
1790903843.665,avail_mb,43261
1790903843.665,pswpin,907622
1790903844.676,api,0.000
1790903844.676,client,0.000
1790903844.676,enginecore,0.030
1790903844.676,other_total,0.079
1790903844.676,store_0,0.000
1790903844.676,store_1,0.000
1790903844.676,avail_mb,43261
1790903844.676,pswpin,907622
1790903845.687,api,0.000
1790903845.687,client,0.000
1790903845.687,enginecore,0.030
1790903845.687,other_total,0.099
1790903845.687,store_0,0.000
1790903845.687,store_1,0.000
1790903845.687,avail_mb,43261
1790903845.687,pswpin,907622
1790903846.698,api,0.000
1790903846.698,client,0.000
1790903846.698,enginecore,0.030
1790903846.698,other_total,0.049
1790903846.698,store_0,0.000
1790903846.698,store_1,0.000
1790903846.698,avail_mb,43257
1790903846.698,pswpin,907622
1790903847.709,api,0.010
1790903847.709,enginecore,1.197
1790903847.709,other_total,0.069
1790903847.709,store_0,0.020
1790903847.709,store_1,0.000
1790903847.709,avail_mb,43299
1790903847.709,pswpin,907622
1790903848.720,api,0.000
1790903848.720,enginecore,0.040
1790903848.720,other_total,0.030
1790903848.720,store_0,0.000
1790903848.720,store_1,0.000
1790903848.720,avail_mb,43301
1790903848.720,pswpin,907622
1790903849.731,api,0.010
1790903849.731,enginecore,0.020
1790903849.731,other_total,2.355
1790903849.731,store_0,0.000
1790903849.731,store_1,0.000
1790903849.731,avail_mb,43212
1790903849.731,pswpin,907622
1790903850.741,api,0.000
1790903850.741,client,0.000
1790903850.741,enginecore,0.010
1790903850.741,other_total,0.020
1790903850.741,store_0,0.000
1790903850.741,store_1,0.000
1790903850.741,avail_mb,43211
1790903850.741,pswpin,907622
1790903851.751,api,0.000
1790903851.751,client,0.000
1790903851.751,enginecore,0.010
1790903851.751,other_total,0.010
1790903851.751,store_0,0.000
1790903851.751,store_1,0.000
1790903851.751,avail_mb,43211
1790903851.751,pswpin,907622
1790903852.762,api,0.010
1790903852.762,client,0.010
1790903852.762,enginecore,1.493
1790903852.762,other_total,0.069
1790903852.762,store_0,0.030
1790903852.762,store_1,0.020
1790903852.762,avail_mb,43212
1790903852.762,pswpin,907622
1790903853.773,api,0.040
1790903853.773,client,0.020
1790903853.773,enginecore,6.881
1790903853.773,other_total,0.030
1790903853.773,store_0,0.040
1790903853.773,store_1,0.030
1790903853.773,avail_mb,43230
1790903853.773,pswpin,907622
1790903854.781,api,0.050
1790903854.781,client,0.010
1790903854.781,enginecore,3.658
1790903854.781,other_total,0.000
1790903854.781,store_0,0.050
1790903854.781,store_1,0.000
1790903854.781,avail_mb,43229
1790903854.781,pswpin,907622
1790903855.790,api,0.050
1790903855.790,client,0.020
1790903855.790,enginecore,4.617
1790903855.790,other_total,0.000
1790903855.790,store_0,0.059
1790903855.790,store_1,0.000
1790903855.790,avail_mb,43223
1790903855.790,pswpin,907622
1790903856.799,api,0.030
1790903856.799,client,0.000
1790903856.799,enginecore,3.093
1790903856.799,other_total,0.020
1790903856.799,store_0,0.050
1790903856.799,store_1,0.000
1790903856.799,avail_mb,43225
1790903856.799,pswpin,907622
1790903857.808,api,0.040
1790903857.808,client,0.010
1790903857.808,enginecore,7.910
1790903857.808,other_total,0.010
1790903857.808,store_0,0.089
1790903857.808,store_1,0.069
1790903857.808,avail_mb,43226
1790903857.808,pswpin,907622
1790903858.817,api,0.030
1790903858.817,client,0.030
1790903858.817,enginecore,4.598
1790903858.817,other_total,0.020
1790903858.817,store_0,0.030
1790903858.817,store_1,0.020
1790903858.817,avail_mb,43227
1790903858.817,pswpin,907622
1790903859.828,api,0.049
1790903859.828,client,0.000
1790903859.828,enginecore,7.250
1790903859.828,other_total,0.000
1790903859.828,store_0,0.049
1790903859.828,store_1,0.059
1790903859.828,avail_mb,43228
1790903859.828,pswpin,907622
1790903860.837,api,0.050
1790903860.837,client,0.020
1790903860.837,enginecore,5.700
1790903860.837,other_total,0.000
1790903860.837,store_0,0.040
1790903860.837,store_1,0.000
1790903860.837,avail_mb,43232
1790903860.837,pswpin,907622
1790903861.846,api,0.050
1790903861.846,client,0.010
1790903861.846,enginecore,5.928
1790903861.846,other_total,0.040
1790903861.846,store_0,0.050
1790903861.846,store_1,0.020
1790903861.846,avail_mb,43231
1790903861.846,pswpin,907622
1790903862.855,api,0.059
1790903862.855,client,0.020
1790903862.855,enginecore,8.038
1790903862.855,other_total,0.040
1790903862.855,store_0,0.050
1790903862.855,store_1,0.079
1790903862.855,avail_mb,43236
1790903862.855,pswpin,907622
1790903863.866,api,0.059
1790903863.866,client,0.020
1790903863.866,enginecore,5.211
1790903863.866,other_total,0.010
1790903863.866,store_0,0.049
1790903863.866,store_1,0.020
1790903863.866,avail_mb,43235
1790903863.866,pswpin,907622
1790903864.875,api,0.040
1790903864.875,client,0.010
1790903864.875,enginecore,4.550
1790903864.875,other_total,0.000
1790903864.875,store_0,0.050
1790903864.875,store_1,0.000
1790903864.875,avail_mb,43230
1790903864.875,pswpin,907622
1790903865.887,api,0.030
1790903865.887,client,0.000
1790903865.887,enginecore,4.418
1790903865.887,other_total,0.040
1790903865.887,store_0,0.089
1790903865.887,store_1,0.000
1790903865.887,avail_mb,43229
1790903865.887,pswpin,907622
1790903866.896,api,0.040
1790903866.896,client,0.010
1790903866.896,enginecore,7.761
1790903866.896,other_total,0.059
1790903866.896,store_0,0.059
1790903866.896,store_1,0.069
1790903866.896,avail_mb,43228
1790903866.896,pswpin,907622
1790903867.906,api,0.059
1790903867.906,client,0.030
1790903867.906,enginecore,5.741
1790903867.906,other_total,0.059
1790903867.906,store_0,0.049
1790903867.906,store_1,0.049
1790903867.906,avail_mb,43222
1790903867.906,pswpin,907622
1790903868.915,api,0.040
1790903868.915,client,0.010
1790903868.915,enginecore,8.187
1790903868.915,other_total,0.000
1790903868.915,store_0,0.030
1790903868.915,store_1,0.089
1790903868.915,avail_mb,43224
1790903868.915,pswpin,907622
1790903869.927,api,0.059
1790903869.927,client,0.020
1790903869.927,enginecore,6.053
1790903869.927,other_total,0.039
1790903869.927,store_0,0.049
1790903869.927,store_1,0.049
1790903869.927,avail_mb,43222
1790903869.927,pswpin,907622
1790903870.939,api,0.069
1790903870.939,client,0.010
1790903870.939,enginecore,6.880
1790903870.939,other_total,0.030
1790903870.939,store_0,0.049
1790903870.939,store_1,0.020
1790903870.939,avail_mb,43221
1790903870.939,pswpin,907622
1790903871.951,api,0.049
1790903871.951,client,0.020
1790903871.951,enginecore,11.298
1790903871.951,other_total,0.415
1790903871.951,store_0,0.119
1790903871.951,store_1,0.079
1790903871.951,avail_mb,43201
1790903871.951,pswpin,907725
1790903872.960,api,0.040
1790903872.960,client,0.020
1790903872.960,enginecore,5.667
1790903872.960,other_total,0.000
1790903872.960,store_0,0.020
1790903872.960,store_1,0.030
1790903872.960,avail_mb,43200
1790903872.960,pswpin,907725
1790903873.969,api,0.059
1790903873.969,client,0.020
1790903873.969,enginecore,8.575
1790903873.969,other_total,0.000
1790903873.969,store_0,0.089
1790903873.969,store_1,0.030
1790903873.969,avail_mb,43206
1790903873.969,pswpin,907725
1790903874.978,api,0.050
1790903874.978,client,0.000
1790903874.978,enginecore,8.384
1790903874.978,other_total,0.020
1790903874.978,store_0,0.020
1790903874.978,store_1,0.099
1790903874.978,avail_mb,43211
1790903874.978,pswpin,907725
1790903875.986,api,0.050
1790903875.986,client,0.030
1790903875.986,enginecore,2.162
1790903875.986,other_total,0.059
1790903875.986,store_0,0.000
1790903875.986,store_1,0.000
1790903875.986,avail_mb,43208
1790903875.986,pswpin,907725
1790903876.995,api,0.040
1790903876.995,client,0.010
1790903876.995,enginecore,5.661
1790903876.995,other_total,0.020
1790903876.995,store_0,0.030
1790903876.995,store_1,0.030
1790903876.995,avail_mb,43202
1790903876.995,pswpin,907725
1790903878.007,api,0.040
1790903878.007,client,0.000
1790903878.007,enginecore,3.695
1790903878.007,other_total,0.069
1790903878.007,store_0,0.000
1790903878.007,store_1,0.000
1790903878.007,avail_mb,43201
1790903878.007,pswpin,907725
1790903879.017,api,0.049
1790903879.017,client,0.020
1790903879.017,enginecore,3.930
1790903879.017,other_total,0.000
1790903879.017,store_0,0.020
1790903879.017,store_1,0.010
1790903879.017,avail_mb,43199
1790903879.017,pswpin,907725
1790903880.026,api,0.069
1790903880.026,client,0.000
1790903880.026,enginecore,9.804
1790903880.026,other_total,0.069
1790903880.026,store_0,0.059
1790903880.026,store_1,0.069
1790903880.026,avail_mb,43203
1790903880.026,pswpin,907725
1790903881.035,api,0.050
1790903881.035,client,0.030
1790903881.035,enginecore,6.712
1790903881.035,other_total,0.000
1790903881.035,store_0,0.030
1790903881.035,store_1,0.059
1790903881.035,avail_mb,43208
1790903881.035,pswpin,907725
1790903882.044,api,0.050
1790903882.044,client,0.010
1790903882.044,enginecore,3.440
1790903882.044,other_total,0.010
1790903882.044,store_0,0.000
1790903882.044,store_1,0.020
1790903882.044,avail_mb,43201
1790903882.044,pswpin,907725
1790903883.055,api,0.040
1790903883.055,client,0.020
1790903883.055,enginecore,6.030
1790903883.055,other_total,0.010
1790903883.055,store_0,0.000
1790903883.055,store_1,0.099
1790903883.055,avail_mb,43200
1790903883.055,pswpin,907725
1790903884.065,api,0.050
1790903884.065,client,0.010
1790903884.065,enginecore,3.507
1790903884.065,other_total,0.020
1790903884.065,store_0,0.020
1790903884.065,store_1,0.000
1790903884.065,avail_mb,43200
1790903884.065,pswpin,907725
1790903885.076,api,0.059
1790903885.076,client,0.010
1790903885.076,enginecore,5.500
1790903885.076,other_total,0.030
1790903885.076,store_0,0.030
1790903885.076,store_1,0.040
1790903885.076,avail_mb,43195
1790903885.076,pswpin,907725
1790903886.085,api,0.040
1790903886.085,client,0.010
1790903886.085,enginecore,6.062
1790903886.085,other_total,0.040
1790903886.085,store_0,0.050
1790903886.085,store_1,0.020
1790903886.085,avail_mb,43191
1790903886.085,pswpin,907725
1790903887.094,api,0.040
1790903887.094,client,0.010
1790903887.094,enginecore,4.907
1790903887.094,other_total,0.020
1790903887.094,store_0,0.030
1790903887.094,store_1,0.020
1790903887.094,avail_mb,43191
1790903887.094,pswpin,907725
1790903888.105,api,0.049
1790903888.105,client,0.020
1790903888.105,enginecore,6.140
1790903888.105,other_total,0.020
1790903888.105,store_0,0.049
1790903888.105,store_1,0.059
1790903888.105,avail_mb,43191
1790903888.105,pswpin,907725
1790903889.114,api,0.059
1790903889.114,client,0.020
1790903889.114,enginecore,4.510
1790903889.114,other_total,0.040
1790903889.114,store_0,0.000
1790903889.114,store_1,0.020
1790903889.114,avail_mb,43161
1790903889.114,pswpin,907725
1790903890.124,api,0.050
1790903890.124,client,0.010
1790903890.124,enginecore,3.039
1790903890.124,other_total,0.030
1790903890.124,store_0,0.000
1790903890.124,store_1,0.030
1790903890.124,avail_mb,43162
1790903890.124,pswpin,907725
1790903891.134,api,0.050
1790903891.134,client,0.010
1790903891.134,enginecore,6.024
1790903891.134,other_total,0.020
1790903891.134,store_0,0.069
1790903891.134,store_1,0.020
1790903891.134,avail_mb,43174
1790903891.134,pswpin,907725
1790903892.142,api,0.050
1790903892.142,client,0.010
1790903892.142,enginecore,3.510
1790903892.142,other_total,0.030
1790903892.142,store_0,0.020
1790903892.142,store_1,0.000
1790903892.142,avail_mb,43170
1790903892.142,pswpin,907725
1790903893.153,api,0.069
1790903893.153,client,0.010
1790903893.153,enginecore,4.719
1790903893.153,other_total,0.020
1790903893.153,store_0,0.040
1790903893.153,store_1,0.030
1790903893.153,avail_mb,43166
1790903893.153,pswpin,907725
1790903894.162,api,0.030
1790903894.162,client,0.010
1790903894.162,enginecore,3.548
1790903894.162,other_total,0.040
1790903894.162,store_0,0.010
1790903894.162,store_1,0.000
1790903894.162,avail_mb,43160
1790903894.162,pswpin,907725
1790903895.174,api,0.059
1790903895.174,client,0.020
1790903895.174,enginecore,5.082
1790903895.174,other_total,0.049
1790903895.174,store_0,0.049
1790903895.174,store_1,0.049
1790903895.174,avail_mb,43172
1790903895.174,pswpin,907725
1790903896.182,api,0.040
1790903896.182,client,0.020
1790903896.182,enginecore,7.724
1790903896.182,other_total,0.010
1790903896.182,store_0,0.040
1790903896.182,store_1,0.040
1790903896.182,avail_mb,43168
1790903896.182,pswpin,907725
1790903897.191,api,0.059
1790903897.191,client,0.020
1790903897.191,enginecore,8.007
1790903897.191,other_total,0.000
1790903897.191,store_0,0.059
1790903897.191,store_1,0.059
1790903897.191,avail_mb,43164
1790903897.191,pswpin,907725
1790903898.202,api,0.059
1790903898.202,client,0.020
1790903898.202,enginecore,3.404
1790903898.202,other_total,0.079
1790903898.202,store_0,0.020
1790903898.202,store_1,0.030
1790903898.202,avail_mb,43162
1790903898.202,pswpin,907725
1790903899.211,api,0.040
1790903899.211,client,0.030
1790903899.211,enginecore,10.656
1790903899.211,other_total,0.020
1790903899.211,store_0,0.109
1790903899.211,store_1,0.089
1790903899.211,avail_mb,43165
1790903899.211,pswpin,907725
1790903900.220,api,0.059
1790903900.220,client,0.010
1790903900.220,enginecore,8.117
1790903900.220,other_total,0.050
1790903900.220,store_0,0.079
1790903900.220,store_1,0.059
1790903900.220,avail_mb,43169
1790903900.220,pswpin,907725
1790903901.230,api,0.040
1790903901.230,client,0.020
1790903901.230,enginecore,5.951
1790903901.230,other_total,0.069
1790903901.230,store_0,0.030
1790903901.230,store_1,0.089
1790903901.230,avail_mb,43160
1790903901.230,pswpin,907725
1790903902.238,api,0.050
1790903902.238,client,0.010
1790903902.238,enginecore,8.069
1790903902.238,other_total,0.268
1790903902.238,store_0,0.059
1790903902.238,store_1,0.020
1790903902.238,avail_mb,43119
1790903902.238,pswpin,907725
1790903903.250,api,0.040
1790903903.250,client,0.020
1790903903.250,enginecore,7.790
1790903903.250,other_total,0.208
1790903903.250,store_0,0.049
1790903903.250,store_1,0.049
1790903903.250,avail_mb,43105
1790903903.250,pswpin,907725
1790903904.261,api,0.079
1790903904.261,client,0.020
1790903904.261,enginecore,4.508
1790903904.261,other_total,0.178
1790903904.261,store_0,0.000
1790903904.261,store_1,0.040
1790903904.261,avail_mb,43095
1790903904.261,pswpin,907725
1790903905.270,api,0.040
1790903905.270,client,0.010
1790903905.270,enginecore,9.636
1790903905.270,other_total,0.069
1790903905.270,store_0,0.069
1790903905.270,store_1,0.069
1790903905.270,avail_mb,43093
1790903905.270,pswpin,907725
1790903906.279,api,0.050
1790903906.279,client,0.020
1790903906.279,enginecore,6.877
1790903906.279,other_total,0.000
1790903906.279,store_0,0.040
1790903906.279,store_1,0.040
1790903906.279,avail_mb,43100
1790903906.279,pswpin,907725
1790903907.288,api,0.059
1790903907.288,client,0.010
1790903907.288,enginecore,5.820
1790903907.288,other_total,0.069
1790903907.288,store_0,0.050
1790903907.288,store_1,0.030
1790903907.288,avail_mb,43102
1790903907.288,pswpin,907725
1790903908.299,api,0.049
1790903908.299,client,0.020
1790903908.299,enginecore,3.886
1790903908.299,other_total,0.010
1790903908.299,store_0,0.020
1790903908.299,store_1,0.030
1790903908.299,avail_mb,43103
1790903908.299,pswpin,907725
1790903909.308,api,0.040
1790903909.308,client,0.010
1790903909.308,enginecore,5.421
1790903909.308,other_total,0.059
1790903909.308,store_0,0.050
1790903909.308,store_1,0.000
1790903909.308,avail_mb,43102
1790903909.308,pswpin,907725
1790903910.318,api,0.059
1790903910.318,client,0.020
1790903910.318,enginecore,5.776
1790903910.318,other_total,0.000
1790903910.318,store_0,0.050
1790903910.318,store_1,0.050
1790903910.318,avail_mb,43106
1790903910.318,pswpin,907725
1790903911.326,api,0.040
1790903911.326,client,0.010
1790903911.326,enginecore,8.704
1790903911.326,other_total,0.050
1790903911.326,store_0,0.040
1790903911.326,store_1,0.089
1790903911.326,avail_mb,43108
1790903911.326,pswpin,907725
1790903912.336,api,0.059
1790903912.336,client,0.010
1790903912.336,enginecore,5.577
1790903912.336,other_total,0.030
1790903912.336,store_0,0.040
1790903912.336,store_1,0.020
1790903912.336,avail_mb,43105
1790903912.336,pswpin,907725
1790903913.375,api,0.038
1790903913.375,client,0.029
1790903913.375,enginecore,7.022
1790903913.375,other_total,0.000
1790903913.375,store_0,0.048
1790903913.375,store_1,0.048
1790903913.375,avail_mb,43097
1790903913.375,pswpin,907725
1790903914.384,api,0.050
1790903914.384,client,0.010
1790903914.384,enginecore,4.659
1790903914.384,other_total,0.000
1790903914.384,store_0,0.000
1790903914.384,store_1,0.050
1790903914.384,avail_mb,43096
1790903914.384,pswpin,907725
1790903915.393,api,0.040
1790903915.393,client,0.020
1790903915.393,enginecore,3.290
1790903915.393,other_total,0.010
1790903915.393,store_0,0.000
1790903915.393,store_1,0.030
1790903915.393,avail_mb,43091
1790903915.393,pswpin,907725
1790903916.406,api,0.040
1790903916.406,client,0.010
1790903916.406,enginecore,4.297
1790903916.406,other_total,0.000
1790903916.406,store_0,0.030
1790903916.406,store_1,0.049
1790903916.406,avail_mb,43089
1790903916.406,pswpin,907725
1790903917.414,api,0.040
1790903917.414,client,0.020
1790903917.414,enginecore,3.450
1790903917.414,other_total,0.099
1790903917.414,store_0,0.000
1790903917.414,store_1,0.030
1790903917.414,avail_mb,43098
1790903917.414,pswpin,907725
1790903918.426,api,0.049
1790903918.426,client,0.010
1790903918.426,enginecore,8.100
1790903918.426,other_total,0.040
1790903918.426,store_0,0.059
1790903918.426,store_1,0.059
1790903918.426,avail_mb,43102
1790903918.426,pswpin,907725
1790903919.437,api,0.069
1790903919.437,client,0.010
1790903919.437,enginecore,7.653
1790903919.437,other_total,0.059
1790903919.437,store_0,0.069
1790903919.437,store_1,0.049
1790903919.437,avail_mb,43096
1790903919.437,pswpin,907725
1790903920.446,api,0.050
1790903920.446,client,0.020
1790903920.446,enginecore,6.761
1790903920.446,other_total,0.000
1790903920.446,store_0,0.050
1790903920.446,store_1,0.020
1790903920.446,avail_mb,43095
1790903920.446,pswpin,907725
1790903921.460,api,0.049
1790903921.460,client,0.020
1790903921.460,enginecore,5.284
1790903921.460,other_total,0.039
1790903921.460,store_0,0.030
1790903921.460,store_1,0.069
1790903921.460,avail_mb,43095
1790903921.460,pswpin,907725
1790903922.472,api,0.040
1790903922.472,client,0.020
1790903922.472,enginecore,5.583
1790903922.472,other_total,0.020
1790903922.472,store_0,0.000
1790903922.472,store_1,0.030
1790903922.472,avail_mb,43089
1790903922.472,pswpin,907725
1790903923.481,api,0.059
1790903923.481,client,0.020
1790903923.481,enginecore,5.769
1790903923.481,other_total,0.099
1790903923.481,store_0,0.040
1790903923.481,store_1,0.030
1790903923.481,avail_mb,43058
1790903923.481,pswpin,907725
1790903924.489,api,0.020
1790903924.489,client,0.000
1790903924.489,enginecore,0.843
1790903924.489,other_total,0.020
1790903924.489,store_0,0.000
1790903924.489,store_1,0.000
1790903924.489,avail_mb,43055
1790903924.489,pswpin,907725
1790903925.500,api,0.000
1790903925.500,client,0.000
1790903925.500,enginecore,0.040
1790903925.500,other_total,0.099
1790903925.500,store_0,0.000
1790903925.500,store_1,0.000
1790903925.500,avail_mb,43062
1790903925.500,pswpin,907725
1790903926.512,api,0.000
1790903926.512,client,0.000
1790903926.512,enginecore,1.167
1790903926.512,other_total,0.030
1790903926.512,store_0,0.000
1790903926.512,store_1,0.030
1790903926.512,avail_mb,43066
1790903926.512,pswpin,907725
1790903927.523,api,0.059
1790903927.523,client,0.020
1790903927.523,enginecore,6.948
1790903927.523,other_total,0.030
1790903927.523,store_0,0.020
1790903927.523,store_1,0.079
1790903927.523,avail_mb,43077
1790903927.523,pswpin,907725
1790903928.532,api,0.059
1790903928.532,client,0.020
1790903928.532,enginecore,6.830
1790903928.532,other_total,0.040
1790903928.532,store_0,0.040
1790903928.532,store_1,0.020
1790903928.532,avail_mb,43079
1790903928.532,pswpin,907725
1790903929.543,api,0.059
1790903929.543,client,0.030
1790903929.543,enginecore,9.154
1790903929.543,other_total,0.000
1790903929.543,store_0,0.079
1790903929.543,store_1,0.079
1790903929.543,avail_mb,43086
1790903929.543,pswpin,907725
1790903930.551,api,0.059
1790903930.551,client,0.020
1790903930.551,enginecore,4.352
1790903930.551,other_total,0.079
1790903930.551,store_0,0.020
1790903930.551,store_1,0.010
1790903930.551,avail_mb,43079
1790903930.551,pswpin,907725
1790903931.561,api,0.040
1790903931.561,client,0.020
1790903931.561,enginecore,9.199
1790903931.561,other_total,0.010
1790903931.561,store_0,0.109
1790903931.561,store_1,0.069
1790903931.561,avail_mb,43077
1790903931.561,pswpin,907725
1790903932.570,api,0.059
1790903932.570,client,0.000
1790903932.570,enginecore,5.998
1790903932.570,other_total,0.030
1790903932.570,store_0,0.040
1790903932.570,store_1,0.020
1790903932.570,avail_mb,43073
1790903932.570,pswpin,907725
1790903933.579,api,0.059
1790903933.579,client,0.020
1790903933.579,enginecore,3.528
1790903933.579,other_total,0.000
1790903933.579,store_0,0.000
1790903933.579,store_1,0.030
1790903933.579,avail_mb,43073
1790903933.579,pswpin,907725
1790903934.588,api,0.050
1790903934.588,client,0.020
1790903934.588,enginecore,7.957
1790903934.588,other_total,0.079
1790903934.588,store_0,0.069
1790903934.588,store_1,0.040
1790903934.588,avail_mb,43073
1790903934.588,pswpin,907725
1790903935.597,api,0.050
1790903935.597,client,0.020
1790903935.597,enginecore,5.740
1790903935.597,other_total,0.099
1790903935.597,store_0,0.050
1790903935.597,store_1,0.020
1790903935.597,avail_mb,43077
1790903935.597,pswpin,907725
1790903936.610,api,0.059
1790903936.610,client,0.020
1790903936.610,enginecore,7.604
1790903936.610,other_total,0.049
1790903936.610,store_0,0.040
1790903936.610,store_1,0.059
1790903936.610,avail_mb,43076
1790903936.610,pswpin,907725
1790903937.619,api,0.050
1790903937.619,client,0.010
1790903937.619,enginecore,4.953
1790903937.619,other_total,0.030
1790903937.619,store_0,0.069
1790903937.619,store_1,0.000
1790903937.619,avail_mb,43076
1790903937.619,pswpin,907725
1790903938.628,api,0.030
1790903938.628,enginecore,3.004
1790903938.628,other_total,0.109
1790903938.628,store_0,0.000
1790903938.628,store_1,0.020
1790903938.628,avail_mb,43183
1790903938.628,pswpin,907725
1790903939.638,api,0.000
1790903939.638,client,0.000
1790903939.638,enginecore,0.020
1790903939.638,other_total,0.059
1790903939.638,store_0,0.000
1790903939.638,store_1,0.000
1790903939.638,avail_mb,43187
1790903939.638,pswpin,907725
1790903940.649,api,0.000
1790903940.649,client,0.000
1790903940.649,enginecore,0.040
1790903940.649,other_total,0.049
1790903940.649,store_0,0.000
1790903940.649,store_1,0.000
1790903940.649,avail_mb,43182
1790903940.649,pswpin,907725
1790903941.660,api,0.020
1790903941.660,client,0.000
1790903941.660,enginecore,0.030
1790903941.660,other_total,0.277
1790903941.660,avail_mb,49936
1790903941.660,pswpin,907725
1790903942.671,api,0.000
1790903942.671,client,0.000
1790903942.671,enginecore,0.030
1790903942.671,other_total,0.069
1790903942.671,avail_mb,49932
1790903942.671,pswpin,907725
1790903943.681,api,0.000
1790903943.681,client,0.000
1790903943.681,enginecore,0.020
1790903943.681,other_total,0.020
1790903943.681,avail_mb,49933
1790903943.681,pswpin,907725
1790903944.692,client,0.000
1790903944.692,other_total,0.594
1790903944.692,avail_mb,57289
1790903944.692,pswpin,907725
1790903945.702,client,0.000
1790903945.702,other_total,0.049
1790903945.702,avail_mb,57288
1790903945.702,pswpin,907725
1790903946.712,client,0.000
1790903946.712,other_total,0.030
1790903946.712,avail_mb,57289
1790903946.712,pswpin,907725
1790903947.724,client,0.000
1790903947.724,other_total,0.079
1790903947.724,avail_mb,57290
1790903947.724,pswpin,907725
1790903948.734,client,0.000
1790903948.734,other_total,0.049
1790903948.734,avail_mb,57290
1790903948.734,pswpin,907725
