ts,pid,n_threads,n_busy,user_cores,sys_cores,invol_cs_s,vol_cs_s
1790923713.145,467504,51,1,0.683,0.105,15.0,157.5
1790923713.145,467508,51,1,0.748,0.095,17.4,148.1
1790923715.153,467504,52,0,0.349,0.035,5.0,710.7
1790923715.153,467508,52,1,0.882,0.115,75.7,741.1
1790923717.161,467504,52,0,0.000,0.000,0.0,680.3
1790923717.161,467508,53,1,0.662,0.179,19.4,708.2
1790923719.168,467504,52,0,0.000,0.000,1.5,686.9
1790923719.168,467508,53,0,0.005,0.000,1.0,688.4
1790923721.177,467504,52,0,0.010,0.000,2.5,677.9
1790923721.177,467508,53,0,0.005,0.000,1.5,675.9
1790923723.187,467504,52,0,0.015,0.000,0.5,673.9
1790923723.187,467508,53,0,0.005,0.000,2.5,677.8
1790923725.196,467504,54,0,0.065,0.000,0.5,679.3
1790923725.196,467508,53,0,0.020,0.000,0.0,676.4
1790923727.206,467504,66,0,0.313,0.095,5.0,709.9
1790923727.206,467508,53,0,0.000,0.000,0.0,679.1
1790923729.216,467504,66,0,0.020,0.005,1.0,679.8
1790923729.216,467508,63,1,0.523,0.105,6.5,690.7
1790923731.224,467504,65,0,0.005,0.000,1.0,680.0
1790923731.224,467508,67,0,0.299,0.015,3.5,696.4
1790923733.235,467508,68,0,0.085,0.005,1.0,1290.5
1790923735.243,467508,67,0,0.010,0.005,0.0,677.7
1790923737.252,467508,67,0,0.000,0.000,0.0,683.7
1790923739.258,467508,67,0,0.000,0.005,0.0,680.6
1790923741.265,467508,67,0,0.005,0.005,0.0,683.7
1790923743.272,467508,67,0,0.005,0.000,0.5,682.1
1790923745.281,467508,67,0,0.005,0.000,0.5,683.9
1790923745.281,468076,51,1,0.752,0.045,23.9,722.2
1790923745.281,468080,51,1,0.732,0.055,14.4,711.8
1790923747.290,467508,67,0,0.005,0.000,0.0,683.8
1790923747.290,468076,52,1,0.846,0.149,104.5,682.8
1790923747.290,468080,52,0,0.264,0.020,5.0,691.3
1790923749.299,467508,67,0,0.000,0.000,0.0,681.4
1790923749.299,468076,53,1,0.577,0.119,42.3,708.3
1790923749.299,468080,52,0,0.000,0.000,0.0,681.9
1790923751.309,467508,67,0,0.005,0.000,0.5,677.9
1790923751.309,468076,53,0,0.000,0.000,0.0,682.9
1790923751.309,468080,52,0,0.000,0.000,1.5,680.9
1790923753.320,467508,67,0,0.010,0.000,1.5,678.2
1790923753.320,468076,53,0,0.010,0.000,1.0,678.7
1790923753.320,468080,52,0,0.020,0.000,0.0,677.2
1790923755.331,467508,67,0,0.000,0.015,0.5,674.8
1790923755.331,468076,53,0,0.005,0.000,2.0,680.3
1790923755.331,468080,52,0,0.000,0.000,1.0,679.3
1790923757.342,467508,67,0,0.000,0.010,2.0,677.8
1790923757.342,468076,53,0,0.000,0.015,0.5,678.7
1790923757.342,468080,62,0,0.164,0.075,6.0,687.7
1790923759.354,467508,67,0,0.005,0.005,1.0,677.9
1790923759.354,468076,53,0,0.000,0.010,0.0,678.9
1790923759.354,468080,66,0,0.204,0.045,2.0,696.8
1790923761.365,467508,67,0,0.000,0.005,0.5,681.6
1790923761.365,468076,63,1,0.631,0.119,8.5,696.0
1790923761.365,468080,66,0,0.000,0.000,0.0,682.1
1790923763.376,467508,67,0,0.010,0.005,0.0,678.2
1790923763.376,468076,67,0,0.184,0.015,3.5,691.1
1790923763.376,468080,65,0,0.010,0.000,0.0,679.2
1790923765.388,467508,67,0,0.000,0.005,1.0,677.5
1790923765.388,468076,67,0,0.075,0.005,1.5,1273.5
1790923767.398,467508,67,0,0.005,0.000,0.0,678.1
1790923767.398,468076,67,0,0.005,0.005,0.5,680.1
1790923769.408,467508,67,0,0.000,0.000,0.0,684.6
1790923769.408,468076,67,0,0.000,0.000,0.0,683.1
1790923771.420,467508,67,0,0.005,0.005,0.0,680.0
1790923771.420,468076,67,0,0.000,0.000,0.0,682.0
1790923773.428,467508,67,0,0.000,0.005,0.0,679.1
1790923773.428,468076,67,0,0.000,0.015,0.0,682.6
1790923775.437,467508,67,0,0.005,0.000,0.0,681.6
1790923775.437,468076,67,0,0.000,0.005,0.5,685.1
1790923777.447,467508,67,0,0.000,0.005,0.0,680.9
1790923777.447,468076,67,0,0.000,0.000,1.5,682.9
1790923777.447,468700,51,1,0.796,0.060,26.9,858.0
1790923777.447,468704,51,1,0.816,0.070,14.4,856.0
1790923779.459,467508,67,0,0.005,0.000,0.0,680.1
1790923779.459,468076,67,0,0.005,0.010,0.0,682.6
1790923779.459,468700,52,1,0.795,0.194,60.7,680.1
1790923779.459,468704,52,0,0.099,0.005,3.0,689.5
1790923781.469,467508,67,0,0.000,0.000,0.0,679.4
1790923781.469,468076,67,0,0.000,0.000,0.0,680.9
1790923781.469,468700,53,1,0.557,0.095,17.9,700.8
1790923781.469,468704,52,0,0.000,0.000,0.0,679.9
1790923783.480,467508,67,0,0.015,0.005,1.0,679.5
1790923783.480,468076,67,0,0.005,0.000,1.0,677.5
1790923783.480,468700,53,0,0.000,0.000,0.5,684.9
1790923783.480,468704,52,0,0.000,0.000,0.0,682.9
1790923785.493,467508,67,0,0.005,0.005,1.5,674.2
1790923785.493,468076,67,0,0.010,0.005,0.5,675.1
1790923785.493,468700,53,0,0.000,0.000,1.5,672.7
1790923785.493,468704,52,0,0.005,0.000,3.5,677.1
1790923787.506,467508,67,0,0.005,0.005,3.5,677.0
1790923787.506,468076,67,0,0.000,0.005,2.5,677.0
1790923787.506,468700,53,0,0.005,0.000,7.5,682.0
1790923787.506,468704,52,0,0.005,0.000,7.0,675.5
1790923789.519,467508,67,0,0.000,0.010,5.5,681.1
1790923789.519,468076,67,0,0.015,0.005,3.0,677.2
1790923789.519,468700,53,0,0.010,0.000,2.5,678.6
1790923789.519,468704,62,0,0.224,0.099,12.4,694.5
1790923791.532,467508,67,0,0.005,0.005,3.0,676.6
1790923791.532,468076,67,0,0.000,0.000,2.0,677.5
1790923791.532,468700,53,0,0.010,0.015,4.0,678.0
1790923791.532,468704,66,0,0.159,0.015,5.0,689.5
1790923793.545,467508,67,0,0.010,0.010,3.0,678.0
1790923793.545,468076,67,0,0.005,0.005,2.0,679.5
1790923793.545,468700,63,1,0.671,0.119,18.4,699.3
1790923793.545,468704,66,0,0.000,0.000,1.0,684.9
1790923795.556,467508,67,0,0.025,0.000,1.5,680.8
1790923795.556,468076,67,0,0.000,0.005,2.5,681.8
1790923795.556,468700,67,0,0.139,0.010,2.5,691.2
1790923795.556,468704,65,0,0.000,0.000,4.0,679.3
1790923797.569,467508,67,0,0.005,0.005,2.0,677.1
1790923797.569,468076,67,0,0.000,0.005,2.0,677.1
1790923797.569,468700,67,0,0.079,0.005,4.0,1233.4
1790923799.581,467508,67,0,0.000,0.000,1.0,677.0
1790923799.581,468076,67,0,0.015,0.000,1.0,677.5
1790923799.581,468700,67,0,0.010,0.000,0.5,682.5
1790923801.598,467508,67,0,0.000,0.000,0.5,678.2
1790923801.598,468076,67,0,0.005,0.000,0.5,678.2
1790923801.598,468700,67,0,0.000,0.000,0.0,678.7
1790923803.609,467508,67,0,0.000,0.000,0.5,681.5
1790923803.609,468076,67,0,0.010,0.000,1.0,680.5
1790923803.609,468700,67,0,0.010,0.000,0.0,682.0
1790923805.618,467508,67,0,0.005,0.005,0.5,681.3
1790923805.618,468076,67,0,0.000,0.000,1.0,682.3
1790923805.618,468700,67,0,0.000,0.000,0.5,682.8
1790923807.628,467508,67,0,0.010,0.000,0.5,681.1
1790923807.628,468076,67,0,0.000,0.000,0.5,681.1
1790923807.628,468700,67,0,0.005,0.000,0.0,683.6
1790923809.640,467508,67,0,0.015,0.000,2.0,681.8
1790923809.640,468076,67,0,0.000,0.000,0.0,680.3
1790923809.640,468700,67,0,0.000,0.000,0.5,682.3
1790923809.640,469373,51,1,0.800,0.065,15.4,747.4
1790923809.640,469382,51,1,0.840,0.050,35.8,784.2
1790923811.652,467508,67,0,0.000,0.000,0.5,680.4
1790923811.652,468076,67,0,0.005,0.000,0.0,679.9
1790923811.652,468700,67,0,0.005,0.000,1.0,686.4
1790923811.652,469373,52,0,0.025,0.000,4.5,687.9
1790923811.652,469382,52,1,0.795,0.194,107.4,681.9
1790923813.664,467508,67,0,0.000,0.000,0.0,680.4
1790923813.664,468076,67,0,0.000,0.000,0.0,679.4
1790923813.664,468700,67,0,0.000,0.000,0.0,679.4
1790923813.664,469373,52,0,0.000,0.000,0.0,680.9
1790923813.664,469382,53,0,0.432,0.050,18.4,720.1
1790923815.676,467508,67,0,0.000,0.000,0.0,682.1
1790923815.676,468076,67,0,0.000,0.000,0.0,685.1
1790923815.676,468700,67,0,0.000,0.000,0.0,680.6
1790923815.676,469373,52,0,0.000,0.000,0.5,683.6
1790923815.676,469382,53,0,0.005,0.000,0.5,687.1
1790923817.691,467508,67,0,0.005,0.000,0.5,679.5
1790923817.691,468076,67,0,0.010,0.005,0.0,679.5
1790923817.691,468700,67,0,0.005,0.000,0.0,680.5
1790923817.691,469373,52,0,0.000,0.000,0.0,685.9
1790923817.691,469382,53,0,0.000,0.000,0.5,680.5
1790923819.705,467508,67,0,0.000,0.000,0.0,680.7
1790923819.705,468076,67,0,0.000,0.005,0.0,680.2
1790923819.705,468700,67,0,0.000,0.000,0.0,679.7
1790923819.705,469373,52,0,0.000,0.000,0.0,682.7
1790923819.705,469382,53,0,0.000,0.000,0.0,685.7
1790923821.719,467508,67,0,0.000,0.000,0.5,679.7
1790923821.719,468076,67,0,0.000,0.000,0.0,681.2
1790923821.719,468700,67,0,0.005,0.000,0.0,681.7
1790923821.719,469373,62,0,0.263,0.094,6.0,696.1
1790923821.719,469382,53,0,0.000,0.000,0.0,681.2
1790923823.736,467508,67,0,0.000,0.005,0.0,682.2
1790923823.736,468076,67,0,0.010,0.000,0.0,679.2
1790923823.736,468700,67,0,0.005,0.000,0.0,679.7
1790923823.736,469373,66,0,0.109,0.000,1.0,687.2
1790923823.736,469382,53,0,0.010,0.000,0.5,680.7
1790923825.751,467508,67,0,0.000,0.000,0.0,682.0
1790923825.751,468076,67,0,0.000,0.000,1.0,681.0
1790923825.751,468700,67,0,0.000,0.005,0.0,679.5
1790923825.751,469373,66,0,0.010,0.000,0.5,683.0
1790923825.751,469382,67,1,0.819,0.124,16.9,703.3
1790923827.766,467508,67,0,0.005,0.005,0.0,679.7
1790923827.766,468076,67,0,0.000,0.000,0.0,679.7
1790923827.766,468700,67,0,0.000,0.005,0.0,684.2
1790923827.766,469373,65,0,0.074,0.010,6.0,716.5
1790923827.766,469382,67,0,0.000,0.000,1.0,696.1
1790923829.783,467508,67,0,0.000,0.000,0.5,680.1
1790923829.783,468076,67,0,0.000,0.005,1.0,683.0
1790923829.783,468700,67,0,0.000,0.000,0.0,680.1
1790923829.783,469382,67,0,0.074,0.005,0.5,1233.2
1790923831.795,467508,67,0,0.000,0.005,0.0,679.2
1790923831.795,468076,67,0,0.000,0.000,1.5,680.2
1790923831.795,468700,67,0,0.000,0.000,0.5,679.2
1790923831.795,469382,67,0,0.000,0.000,0.5,683.2
1790923833.806,467508,67,0,0.005,0.005,0.0,681.1
1790923833.806,468076,67,0,0.005,0.000,0.5,679.6
1790923833.806,468700,67,0,0.005,0.005,0.0,680.1
1790923833.806,469382,67,0,0.000,0.000,0.0,682.6
1790923835.818,467508,67,0,0.000,0.000,0.5,680.9
1790923835.818,468076,67,0,0.005,0.000,0.5,680.9
1790923835.818,468700,67,0,0.005,0.005,0.0,680.4
1790923835.818,469382,67,0,0.000,0.000,0.0,681.9
1790923837.830,467508,67,0,0.010,0.000,0.0,680.6
1790923837.830,468076,67,0,0.000,0.005,0.0,680.6
1790923837.830,468700,67,0,0.000,0.000,0.5,680.6
1790923837.830,469382,67,0,0.000,0.000,0.0,682.1
1790923839.841,467508,67,0,0.000,0.000,0.0,680.1
1790923839.841,468076,67,0,0.000,0.005,0.0,680.6
1790923839.841,468700,67,0,0.000,0.000,0.0,681.1
1790923839.841,469382,67,0,0.010,0.000,0.0,683.1
1790923841.855,467508,67,0,0.000,0.000,0.0,683.1
1790923841.855,468076,67,0,0.000,0.000,0.5,679.7
1790923841.855,468700,67,0,0.005,0.000,0.0,680.6
1790923841.855,469382,67,0,0.015,0.000,1.0,681.6
1790923841.855,470081,51,1,0.839,0.035,53.6,805.3
1790923841.855,470085,52,1,0.760,0.050,11.4,771.0
1790923843.869,467508,67,0,0.005,0.000,0.0,682.3
1790923843.869,468076,67,0,0.000,0.005,0.0,680.3
1790923843.869,468700,67,0,0.000,0.000,0.0,683.3
1790923843.869,469382,67,0,0.005,0.000,0.5,682.3
1790923843.869,470081,52,1,0.770,0.218,85.4,701.6
1790923843.869,470085,54,0,0.079,0.000,2.5,690.7
1790923845.884,467508,67,0,0.000,0.000,0.0,680.1
1790923845.884,468076,67,0,0.000,0.000,0.5,680.6
1790923845.884,468700,67,0,0.005,0.005,0.0,681.6
1790923845.884,469382,67,0,0.000,0.000,0.5,683.6
1790923845.884,470081,53,0,0.387,0.040,14.9,690.6
1790923845.884,470085,65,0,0.273,0.084,2.5,704.0
1790923847.897,467508,67,0,0.010,0.000,1.0,680.4
1790923847.897,468076,67,0,0.000,0.000,0.0,685.3
1790923847.897,468700,67,0,0.010,0.005,0.0,680.9
1790923847.897,469382,67,0,0.000,0.000,0.0,679.4
1790923847.897,470081,62,1,0.705,0.094,9.4,712.7
1790923847.897,470085,65,0,0.000,0.000,0.0,682.9
1790923849.911,467508,67,0,0.005,0.000,0.5,680.3
1790923849.911,468076,67,0,0.000,0.000,0.0,680.3
1790923849.911,468700,67,0,0.000,0.000,0.0,680.3
1790923849.911,469382,67,0,0.000,0.000,0.0,680.8
1790923849.911,470081,66,0,0.045,0.000,0.0,691.2
1790923849.911,470085,66,0,0.119,0.015,6.5,762.2
1790923851.925,467508,67,0,0.005,0.000,0.0,680.8
1790923851.925,468076,67,0,0.000,0.005,0.5,679.8
1790923851.925,468700,67,0,0.000,0.000,0.0,680.8
1790923851.925,469382,67,0,0.000,0.000,0.0,681.8
1790923851.925,470081,67,0,0.074,0.005,1.5,1257.8
1790923853.938,467508,67,0,0.000,0.000,0.0,681.0
1790923853.938,468076,67,0,0.000,0.000,0.0,680.5
1790923853.938,468700,67,0,0.000,0.000,0.0,680.5
1790923853.938,469382,67,0,0.000,0.000,0.5,680.5
1790923853.938,470081,67,0,0.000,0.000,1.5,682.0
1790923855.951,467508,67,0,0.000,0.000,0.0,680.2
1790923855.951,468076,67,0,0.000,0.000,0.5,680.7
1790923855.951,468700,67,0,0.000,0.000,0.0,680.7
1790923855.951,469382,67,0,0.010,0.000,0.5,680.7
1790923855.951,470081,67,0,0.010,0.000,0.5,682.2
1790923857.964,467508,67,0,0.005,0.010,0.0,683.6
1790923857.964,468076,67,0,0.005,0.000,0.0,680.6
1790923857.964,468700,67,0,0.000,0.000,0.0,680.6
1790923857.964,469382,67,0,0.010,0.000,0.0,679.6
1790923857.964,470081,67,0,0.015,0.000,0.0,682.1
1790923859.977,467508,67,0,0.000,0.005,0.0,680.9
1790923859.977,468076,67,0,0.005,0.000,0.0,680.4
1790923859.977,468700,67,0,0.000,0.000,0.0,682.4
1790923859.977,469382,67,0,0.000,0.000,0.0,680.9
1790923859.977,470081,67,0,0.000,0.000,0.5,685.4
1790923861.992,467508,67,0,0.000,0.000,0.5,680.5
1790923861.992,468076,67,0,0.015,0.005,0.5,682.0
1790923861.992,468700,67,0,0.005,0.000,1.0,682.4
1790923861.992,469382,67,0,0.000,0.000,0.5,684.4
1790923861.992,470081,67,0,0.000,0.000,1.0,684.4
1790923864.011,467508,67,0,0.000,0.000,0.0,678.6
1790923864.011,468076,67,0,0.000,0.000,0.0,681.0
1790923864.011,468700,67,0,0.000,0.000,0.0,679.1
1790923864.011,469382,67,0,0.005,0.000,0.5,679.5
1790923864.011,470081,67,0,0.000,0.000,0.0,680.0
1790923864.011,470694,51,1,0.822,0.040,48.5,769.2
1790923864.011,470698,52,1,0.703,0.045,15.8,726.6
1790923866.027,467508,67,0,0.000,0.000,0.0,681.9
1790923866.027,468076,67,0,0.000,0.005,1.5,680.9
1790923866.027,468700,67,0,0.000,0.000,0.0,679.9
1790923866.027,469382,67,0,0.005,0.000,0.0,678.4
1790923866.027,470081,67,0,0.005,0.000,0.5,681.4
1790923866.027,470694,52,1,0.754,0.223,85.3,693.8
1790923866.027,470698,52,0,0.000,0.000,0.0,684.4
1790923868.042,467508,67,0,0.005,0.005,0.5,679.8
1790923868.042,468076,67,0,0.000,0.010,0.0,679.8
1790923868.042,468700,67,0,0.000,0.000,0.0,680.3
1790923868.042,469382,67,0,0.000,0.000,0.0,680.8
1790923868.042,470081,67,0,0.000,0.000,0.0,681.3
1790923868.042,470694,53,0,0.352,0.030,11.4,689.8
1790923868.042,470698,65,0,0.342,0.089,10.9,733.4
1790923870.057,467508,67,0,0.000,0.000,0.0,679.5
1790923870.057,468076,67,0,0.000,0.005,0.0,681.0
1790923870.057,468700,67,0,0.005,0.000,0.0,681.0
1790923870.057,469382,67,0,0.000,0.000,0.0,681.5
1790923870.057,470081,67,0,0.000,0.000,0.0,679.5
1790923870.057,470694,66,1,0.749,0.109,7.9,705.8
1790923870.057,470698,65,0,0.000,0.000,0.0,685.4
1790923872.076,467508,67,0,0.005,0.005,0.0,683.6
1790923872.076,468076,67,0,0.000,0.000,0.0,679.1
1790923872.076,468700,67,0,0.005,0.000,0.5,680.1
1790923872.076,469382,67,0,0.000,0.000,0.0,679.6
1790923872.076,470081,67,0,0.005,0.000,0.5,681.1
1790923872.076,470694,66,0,0.000,0.000,1.0,691.5
1790923872.076,470698,66,0,0.193,0.025,4.0,821.3
1790923874.091,467508,67,0,0.005,0.000,0.5,680.3
1790923874.091,468076,67,0,0.000,0.005,0.0,680.3
1790923874.091,468700,67,0,0.005,0.000,0.0,683.3
1790923874.091,469382,67,0,0.010,0.000,0.5,680.3
1790923874.091,470081,67,0,0.010,0.000,0.0,683.8
1790923874.091,470694,67,0,0.079,0.005,1.5,1303.0
1790923876.105,467508,67,0,0.010,0.000,0.0,681.2
1790923876.105,468076,67,0,0.000,0.000,1.5,683.7
1790923876.105,468700,67,0,0.000,0.000,0.0,680.2
1790923876.105,469382,67,0,0.005,0.000,0.0,684.2
1790923876.105,470081,67,0,0.005,0.000,0.0,679.7
1790923876.105,470694,67,0,0.000,0.000,0.0,683.2
1790923878.120,467508,67,0,0.000,0.000,0.0,681.0
1790923878.120,468076,67,0,0.000,0.000,0.0,681.0
1790923878.120,468700,67,0,0.000,0.005,0.0,681.0
1790923878.120,469382,67,0,0.000,0.000,0.0,679.1
1790923878.120,470081,67,0,0.000,0.000,0.5,681.0
1790923878.120,470694,67,0,0.000,0.000,1.0,681.5
1790923880.134,467508,67,0,0.000,0.000,0.0,680.7
1790923880.134,468076,67,0,0.005,0.000,0.5,683.1
1790923880.134,468700,67,0,0.015,0.000,0.0,681.2
1790923880.134,469382,67,0,0.000,0.000,0.0,681.6
1790923880.134,470081,67,0,0.000,0.000,0.0,680.7
1790923880.134,470694,67,0,0.010,0.000,0.0,681.2
1790923882.149,467508,67,0,0.000,0.000,0.0,679.6
1790923882.149,468076,67,0,0.000,0.000,0.0,680.1
1790923882.149,468700,67,0,0.000,0.000,0.0,680.6
1790923882.149,469382,67,0,0.000,0.000,0.5,680.6
1790923882.149,470081,67,0,0.000,0.000,0.0,681.1
1790923882.149,470694,67,0,0.000,0.000,0.0,683.5
1790923884.163,467508,67,0,0.000,0.000,0.5,681.0
1790923884.163,468076,67,0,0.000,0.005,0.5,679.5
1790923884.163,468700,67,0,0.005,0.000,0.0,679.5
1790923884.163,469382,67,0,0.005,0.000,0.0,681.0
1790923884.163,470081,67,0,0.005,0.000,1.5,679.5
1790923884.163,470694,67,0,0.000,0.005,0.0,682.5
1790923886.179,467508,67,0,0.000,0.000,0.0,685.0
1790923886.179,468076,67,0,0.005,0.000,0.0,680.5
1790923886.179,468700,67,0,0.010,0.000,0.0,681.0
1790923886.179,469382,67,0,0.000,0.000,0.0,680.5
1790923886.179,470081,67,0,0.000,0.000,0.0,680.5
1790923886.179,470694,67,0,0.000,0.000,0.0,683.5
1790923886.179,471360,52,1,0.694,0.045,9.4,725.7
1790923886.179,471364,51,1,0.903,0.025,51.6,765.4
1790923888.195,467508,67,0,0.005,0.005,0.5,679.6
1790923888.195,468076,67,0,0.005,0.000,0.0,681.1
1790923888.195,468700,67,0,0.000,0.000,0.0,682.6
1790923888.195,469382,67,0,0.000,0.005,0.0,679.6
1790923888.195,470081,67,0,0.000,0.000,0.0,684.6
1790923888.195,470694,67,0,0.005,0.000,0.0,682.1
1790923888.195,471360,61,0,0.208,0.089,8.4,715.3
1790923888.195,471364,52,1,0.714,0.258,37.2,701.9
1790923890.213,467508,67,0,0.005,0.000,0.0,680.1
1790923890.213,468076,67,0,0.000,0.000,1.5,681.5
1790923890.213,468700,67,0,0.000,0.000,0.0,682.0
1790923890.213,469382,67,0,0.010,0.000,0.0,684.5
1790923890.213,470081,67,0,0.010,0.000,0.0,679.6
1790923890.213,470694,67,0,0.010,0.000,0.0,683.0
1790923890.213,471360,65,0,0.144,0.000,1.0,696.4
1790923890.213,471364,55,0,0.416,0.015,6.9,692.5
1790923892.229,467508,67,0,0.000,0.000,0.0,680.8
1790923892.229,468076,67,0,0.000,0.000,0.5,682.8
1790923892.229,468700,67,0,0.000,0.000,0.0,679.8
1790923892.229,469382,67,0,0.000,0.000,0.5,680.8
1790923892.229,470081,67,0,0.005,0.000,0.0,681.8
1790923892.229,470694,67,0,0.000,0.000,0.5,679.8
1790923892.229,471360,65,0,0.000,0.000,0.0,681.8
1790923892.229,471364,66,1,0.630,0.094,10.9,701.1
1790923894.250,467508,67,0,0.000,0.005,0.5,680.6
1790923894.250,468076,67,0,0.005,0.000,0.0,679.1
1790923894.250,468700,67,0,0.010,0.005,0.5,682.1
1790923894.250,469382,67,0,0.010,0.000,0.0,679.6
1790923894.250,470081,67,0,0.005,0.000,0.0,679.1
1790923894.250,470694,67,0,0.000,0.000,0.0,679.6
1790923894.250,471360,66,0,0.257,0.030,14.8,890.9
1790923894.250,471364,66,0,0.000,0.000,0.0,684.5
1790923896.267,467508,67,0,0.000,0.000,0.0,679.6
1790923896.267,468076,67,0,0.000,0.005,0.0,680.6
1790923896.267,468700,67,0,0.000,0.000,0.0,679.1
1790923896.267,469382,67,0,0.000,0.000,0.0,681.1
1790923896.267,470081,67,0,0.005,0.000,0.5,680.1
1790923896.267,470694,67,0,0.010,0.000,0.0,680.6
1790923896.267,471364,67,0,0.074,0.005,0.0,1259.1
1790923898.283,467508,67,0,0.000,0.000,0.0,685.7
1790923898.283,468076,67,0,0.010,0.005,0.0,680.7
1790923898.283,468700,67,0,0.005,0.010,0.0,681.7
1790923898.283,469382,67,0,0.000,0.000,0.0,682.2
1790923898.283,470081,67,0,0.000,0.000,2.0,682.7
1790923898.283,470694,67,0,0.000,0.000,0.0,683.7
1790923898.283,471364,67,0,0.000,0.000,0.5,686.7
1790923900.301,467508,67,0,0.005,0.005,0.0,677.8
1790923900.301,468076,67,0,0.000,0.000,0.0,679.8
1790923900.301,468700,67,0,0.000,0.010,0.0,680.8
1790923900.301,469382,67,0,0.000,0.000,0.0,679.3
1790923900.301,470081,67,0,0.000,0.000,0.0,680.8
1790923900.301,470694,67,0,0.000,0.000,0.5,678.8
1790923900.301,471364,67,0,0.010,0.000,1.0,681.3
1790923902.316,467508,67,0,0.000,0.000,0.0,681.2
1790923902.316,468076,67,0,0.000,0.000,0.0,679.7
1790923902.316,468700,67,0,0.000,0.000,0.5,683.1
1790923902.316,469382,67,0,0.000,0.005,0.0,680.7
1790923902.316,470081,67,0,0.000,0.000,0.0,683.1
1790923902.316,470694,67,0,0.000,0.005,1.0,683.6
1790923902.316,471364,67,0,0.015,0.000,0.5,681.2
1790923904.332,467508,67,0,0.005,0.000,0.0,680.1
1790923904.332,468076,67,0,0.005,0.000,0.0,684.6
1790923904.332,468700,67,0,0.000,0.005,0.0,680.1
1790923904.332,469382,67,0,0.000,0.000,2.0,683.6
1790923904.332,470081,67,0,0.000,0.000,0.0,680.6
1790923904.332,470694,67,0,0.000,0.000,1.0,680.6
1790923904.332,471364,67,0,0.000,0.000,0.0,683.6
1790923906.349,467508,67,0,0.000,0.000,0.0,680.4
1790923906.349,468076,67,0,0.000,0.005,0.5,679.9
1790923906.349,468700,67,0,0.000,0.000,0.0,679.4
1790923906.349,469382,67,0,0.010,0.000,0.0,679.4
1790923906.349,470081,67,0,0.005,0.000,0.0,679.9
1790923906.349,470694,67,0,0.000,0.000,1.0,680.4
1790923906.349,471364,67,0,0.000,0.000,0.5,680.9
1790923908.366,467508,67,0,0.005,0.000,0.5,681.6
1790923908.366,468076,67,0,0.005,0.005,0.0,679.6
1790923908.366,468700,67,0,0.000,0.000,0.5,681.6
1790923908.366,469382,67,0,0.000,0.000,0.0,680.6
1790923908.366,470081,67,0,0.005,0.000,0.0,680.6
1790923908.366,470694,67,0,0.005,0.000,0.5,680.1
1790923908.366,471364,67,0,0.005,0.000,0.0,683.1
1790923908.366,472046,51,1,0.917,0.035,58.5,762.4
1790923908.366,472050,52,1,0.689,0.040,13.4,714.8
1790923910.383,467508,67,0,0.000,0.000,0.0,680.1
1790923910.383,468076,67,0,0.005,0.005,0.0,682.1
1790923910.383,468700,67,0,0.005,0.000,0.5,680.1
1790923910.383,469382,67,0,0.005,0.000,0.5,680.1
1790923910.383,470081,67,0,0.000,0.000,0.0,682.1
1790923910.383,470694,67,0,0.000,0.000,0.0,680.1
1790923910.383,471364,67,0,0.000,0.000,0.0,685.1
1790923910.383,472046,52,1,0.729,0.268,30.7,694.5
1790923910.383,472050,65,0,0.342,0.084,5.0,705.9
1790923912.402,467508,67,0,0.000,0.000,0.0,687.2
1790923912.402,468076,67,0,0.000,0.000,0.0,681.7
1790923912.402,468700,67,0,0.000,0.000,0.0,684.7
1790923912.402,469382,67,0,0.000,0.000,0.0,682.7
1790923912.402,470081,67,0,0.000,0.000,0.0,682.7
1790923912.402,470694,67,0,0.005,0.000,0.5,684.2
1790923912.402,471364,67,0,0.000,0.000,0.0,682.2
1790923912.402,472046,61,0,0.426,0.064,6.4,702.0
1790923912.402,472050,65,0,0.000,0.000,0.0,686.2
1790923914.428,467508,67,0,0.005,0.000,0.5,678.5
1790923914.428,468076,67,0,0.000,0.005,1.0,681.9
1790923914.428,468700,67,0,0.005,0.005,0.0,679.9
1790923914.428,469382,67,0,0.005,0.000,0.0,682.9
1790923914.428,470081,67,0,0.000,0.000,0.0,681.9
1790923914.428,470694,67,0,0.005,0.000,1.0,681.4
1790923914.428,471364,67,0,0.000,0.000,0.0,679.4
1790923914.428,472046,66,1,0.602,0.039,8.9,704.6
1790923914.428,472050,65,0,0.000,0.000,0.5,684.9
1790923916.451,467508,67,0,0.005,0.000,0.0,679.9
1790923916.451,468076,67,0,0.000,0.000,0.0,679.9
1790923916.451,468700,67,0,0.000,0.000,0.0,679.9
1790923916.451,469382,67,0,0.000,0.000,0.5,678.9
1790923916.451,470081,67,0,0.010,0.000,0.5,678.9
1790923916.451,470694,67,0,0.010,0.000,0.5,678.9
1790923916.451,471364,67,0,0.000,0.000,0.5,678.4
1790923916.451,472046,66,0,0.069,0.005,1.0,1287.2
1790923916.451,472050,66,0,0.321,0.030,11.4,975.6
1790923918.470,467508,67,0,0.000,0.005,0.5,680.5
1790923918.470,468076,67,0,0.000,0.000,0.0,680.0
1790923918.470,468700,67,0,0.005,0.000,2.5,680.5
1790923918.470,469382,67,0,0.005,0.000,0.0,682.0
1790923918.470,470081,67,0,0.005,0.000,0.0,681.0
1790923918.470,470694,67,0,0.000,0.000,0.5,680.5
1790923918.470,471364,67,0,0.020,0.000,0.0,681.0
1790923918.470,472046,67,0,0.005,0.000,0.0,690.4
1790923920.490,467508,67,0,0.010,0.000,0.0,680.1
1790923920.490,468076,67,0,0.000,0.005,1.0,680.1
1790923920.490,468700,67,0,0.000,0.000,0.5,680.6
1790923920.490,469382,67,0,0.000,0.000,0.0,679.1
1790923920.490,470081,67,0,0.005,0.000,0.5,679.6
1790923920.490,470694,67,0,0.000,0.005,0.5,679.1
1790923920.490,471364,67,0,0.000,0.000,0.5,685.0
1790923920.490,472046,67,0,0.000,0.000,0.0,681.6
1790923922.511,467508,67,0,0.005,0.005,0.0,683.4
1790923922.511,468076,67,0,0.089,0.005,10.4,1258.4
1790923922.511,468700,67,0,0.099,0.000,8.4,1299.5
1790923922.511,469382,67,0,0.099,0.010,7.4,1342.6
1790923922.511,470081,67,0,0.025,0.000,1.5,717.6
1790923922.511,470694,67,0,0.094,0.000,3.0,1303.0
1790923922.511,471364,67,0,0.015,0.000,0.5,717.1
1790923922.511,472046,67,0,0.030,0.000,2.5,718.5
1790923924.527,467508,67,0,0.020,0.005,0.5,723.5
1790923924.527,468076,67,0,0.000,0.000,0.0,683.3
1790923924.527,468700,67,0,0.159,0.010,4.0,1915.6
1790923924.527,469382,67,0,0.000,0.000,0.0,685.3
1790923924.527,470081,67,0,0.010,0.000,1.0,687.8
1790923924.527,470694,67,0,0.074,0.005,1.0,1273.4
1790923924.527,471364,67,0,0.084,0.005,4.5,1281.9
1790923924.527,472046,67,0,0.094,0.005,2.5,1298.2
1790923926.550,467508,67,0,0.079,0.005,4.9,1296.0
1790923926.550,468076,67,0,0.138,0.005,3.0,1899.8
1790923926.550,468700,67,0,0.252,0.010,12.4,2414.6
1790923926.550,469382,67,0,0.000,0.000,0.0,682.9
1790923926.550,470081,67,0,0.069,0.005,3.0,1276.3
1790923926.550,470694,67,0,0.158,0.005,6.4,1910.2
1790923926.550,471364,67,0,0.000,0.000,0.5,681.4
1790923926.550,472046,67,0,0.242,0.005,11.4,2371.6
1790923928.567,467508,67,0,0.149,0.010,5.9,1915.3
1790923928.567,468076,67,0,0.149,0.005,4.5,1888.0
1790923928.567,468700,67,0,0.064,0.005,5.0,1213.7
1790923928.567,469382,67,0,0.149,0.005,3.0,1881.6
1790923928.567,470081,67,0,0.159,0.005,10.4,1811.7
1790923928.567,470694,67,0,0.000,0.000,0.5,683.7
1790923928.567,471364,67,0,0.064,0.000,3.0,1306.4
1790923928.567,472046,67,0,0.000,0.000,0.0,682.2
1790923930.584,467508,67,0,0.010,0.000,0.0,680.8
1790923930.584,468076,67,0,0.159,0.010,6.4,1867.8
1790923930.584,468700,67,0,0.000,0.000,0.0,682.8
1790923930.584,469382,67,0,0.089,0.000,1.5,1274.3
1790923930.584,470081,67,0,0.178,0.005,5.0,1769.1
1790923930.584,470694,67,0,0.010,0.000,0.0,682.3
1790923930.584,471364,67,0,0.164,0.005,2.5,1898.0
1790923930.584,472046,67,0,0.000,0.000,1.5,682.3
1790923932.604,467508,67,0,0.163,0.005,4.0,1900.6
1790923932.604,468076,67,0,0.005,0.000,0.0,681.1
1790923932.604,468700,67,0,0.000,0.000,0.5,682.0
1790923932.604,469382,67,0,0.000,0.000,1.0,682.0
1790923932.604,470081,67,0,0.000,0.000,0.0,681.5
1790923932.604,470694,67,0,0.074,0.005,0.5,1294.8
1790923932.604,471364,67,0,0.000,0.000,0.0,686.0
1790923932.604,472046,67,0,0.000,0.000,1.0,682.0
1790923934.625,467508,67,0,0.079,0.000,2.5,1295.6
1790923934.625,468076,67,0,0.010,0.000,0.0,682.9
1790923934.625,468700,67,0,0.000,0.000,0.0,684.4
1790923934.625,469382,67,0,0.089,0.005,1.0,1253.5
1790923934.625,470081,67,0,0.084,0.005,3.0,1273.3
1790923934.625,470694,67,0,0.000,0.000,0.5,684.9
1790923934.625,471364,67,0,0.188,0.010,4.9,1834.0
1790923934.625,472046,67,0,0.153,0.005,4.0,1852.8
1790923936.645,467508,67,0,0.000,0.000,0.5,683.0
1790923936.645,468076,67,0,0.000,0.000,0.0,685.0
1790923936.645,468700,67,0,0.005,0.005,0.0,683.5
1790923936.645,469382,67,0,0.173,0.005,3.5,1886.8
1790923936.645,470081,67,0,0.005,0.000,0.0,683.5
1790923936.645,470694,67,0,0.000,0.000,0.0,682.5
1790923936.645,471364,67,0,0.079,0.000,4.0,1266.1
1790923936.645,472046,67,0,0.000,0.000,0.0,686.0
1790923938.665,467508,67,0,0.079,0.010,1.5,1295.4
1790923938.665,468076,67,0,0.000,0.010,0.0,682.6
1790923938.665,468700,67,0,0.000,0.000,0.0,681.1
1790923938.665,469382,67,0,0.005,0.000,0.0,682.6
1790923938.665,470081,67,0,0.084,0.005,2.5,1264.7
1790923938.665,470694,67,0,0.173,0.005,11.4,1770.1
1790923938.665,471364,67,0,0.000,0.000,0.0,681.1
1790923938.665,472046,67,0,0.074,0.005,2.0,1257.3
1790923940.686,467508,67,0,0.005,0.005,0.0,682.0
1790923940.686,468076,67,0,0.000,0.000,1.0,682.5
1790923940.686,468700,67,0,0.000,0.000,0.0,682.5
1790923940.686,469382,67,0,0.000,0.000,0.0,681.5
1790923940.686,470081,67,0,0.015,0.000,0.0,682.0
1790923940.686,470694,67,0,0.010,0.000,0.0,681.5
1790923940.686,471364,67,0,0.000,0.000,0.0,682.5
1790923940.686,472046,67,0,0.020,0.000,0.0,681.0
1790923942.706,467508,67,0,0.005,0.000,0.0,682.7
1790923942.706,468076,67,0,0.000,0.000,0.0,682.2
1790923942.706,468700,67,0,0.010,0.005,0.5,683.1
1790923942.706,469382,67,0,0.005,0.005,0.0,681.7
1790923942.706,470081,67,0,0.000,0.000,0.0,682.2
1790923942.706,470694,67,0,0.005,0.000,1.5,683.1
1790923942.706,471364,67,0,0.005,0.000,0.0,685.1
1790923942.706,472046,67,0,0.000,0.000,0.5,683.6
1790923944.726,467508,67,0,0.000,0.000,0.0,685.1
1790923944.726,468076,67,0,0.010,0.000,0.0,682.6
1790923944.726,468700,67,0,0.000,0.000,0.0,680.6
1790923944.726,469382,67,0,0.010,0.000,0.0,684.1
1790923944.726,470081,67,0,0.000,0.000,0.5,682.6
1790923944.726,470694,67,0,0.005,0.000,0.0,682.1
1790923944.726,471364,67,0,0.000,0.000,0.0,683.1
1790923944.726,472046,67,0,0.005,0.000,0.0,682.1
1790923946.746,467508,67,0,0.010,0.000,0.0,681.2
1790923946.746,468076,67,0,0.000,0.000,0.0,682.7
1790923946.746,468700,67,0,0.000,0.005,0.0,683.2
1790923946.746,469382,67,0,0.000,0.000,0.0,685.2
1790923946.746,470081,67,0,0.005,0.000,0.0,685.2
1790923946.746,470694,67,0,0.005,0.005,0.0,685.2
1790923946.746,471364,67,0,0.000,0.000,0.0,681.7
1790923946.746,472046,67,0,0.000,0.000,0.0,686.1
1790923948.766,467508,67,0,0.005,0.005,0.0,682.2
1790923948.766,468076,67,0,0.005,0.010,0.0,680.7
1790923948.766,468700,67,0,0.000,0.005,0.0,678.7
1790923948.766,469382,67,0,0.005,0.000,0.0,682.2
1790923948.766,470081,67,0,0.000,0.000,1.0,681.2
1790923948.766,470694,67,0,0.005,0.000,0.0,682.2
1790923948.766,471364,67,0,0.000,0.000,0.0,682.6
1790923948.766,472046,67,0,0.000,0.000,0.0,681.2
1790923950.786,467508,67,0,0.000,0.000,1.0,682.1
1790923950.786,468076,67,0,0.000,0.000,0.5,680.7
1790923950.786,468700,67,0,0.000,0.000,0.0,680.7
1790923950.786,469382,67,0,0.069,0.000,8.4,874.7
1790923950.786,470081,67,0,0.005,0.000,0.0,683.1
1790923950.786,470694,67,0,0.000,0.000,0.0,681.6
1790923950.786,471364,67,0,0.015,0.000,0.0,683.1
1790923950.786,472046,67,0,0.045,0.000,3.5,754.4
1790923952.808,467508,67,1,0.772,0.000,28.2,1816.0
1790923952.808,468076,67,0,0.386,0.005,24.2,1207.0
1790923952.808,468700,67,1,0.895,0.000,34.1,2007.4
1790923952.808,469382,67,0,0.331,0.000,13.4,1337.6
1790923952.808,470081,67,0,0.307,0.000,12.9,1205.6
1790923952.808,470694,67,1,0.653,0.005,30.7,1820.0
1790923952.808,471364,67,0,0.336,0.000,4.9,1097.2
1790923952.808,472046,67,1,0.678,0.000,19.3,1693.3
1790923954.825,467508,67,1,1.071,0.000,36.2,1909.0
1790923954.825,468076,67,0,0.416,0.000,13.9,1188.2
1790923954.825,468700,67,1,0.872,0.005,42.1,1748.3
1790923954.825,469382,67,1,0.947,0.000,41.6,1961.0
1790923954.825,470081,67,1,1.036,0.000,43.1,1961.0
1790923954.825,470694,67,1,0.848,0.000,39.2,1700.8
1790923954.825,471364,67,0,0.397,0.000,23.8,1143.1
1790923954.825,472046,67,1,0.768,0.005,24.3,1507.4
1790923956.843,467508,67,1,1.120,0.000,57.5,1953.0
1790923956.843,468076,67,1,0.605,0.005,38.2,1370.1
1790923956.843,468700,67,1,0.808,0.000,42.6,1568.4
1790923956.843,469382,67,1,0.853,0.000,53.5,1772.6
1790923956.843,470081,67,0,0.506,0.000,35.2,1355.7
1790923956.843,470694,67,1,0.838,0.000,47.6,1708.7
1790923956.843,471364,67,1,0.664,0.000,39.2,1461.8
1790923956.843,472046,67,1,1.165,0.000,62.5,2038.3
1790923958.862,467508,67,1,0.753,0.005,17.8,1579.0
1790923958.862,468076,67,1,1.015,0.000,42.1,2004.5
1790923958.862,468700,67,1,0.857,0.010,30.7,1716.7
1790923958.862,469382,67,1,0.738,0.000,31.2,1613.7
1790923958.862,470081,67,1,0.941,0.000,56.0,1824.2
1790923958.862,470694,67,1,0.802,0.000,40.6,1733.1
1790923958.862,471364,67,1,0.733,0.005,27.2,1579.5
1790923958.862,472046,67,1,0.619,0.000,46.1,1519.6
1790923960.880,467508,67,1,1.026,0.005,65.9,1760.3
1790923960.880,468076,67,1,1.011,0.000,40.1,1785.5
1790923960.880,468700,67,1,1.189,0.000,57.0,1851.9
1790923960.880,469382,67,1,1.090,0.005,47.1,1828.1
1790923960.880,470081,67,1,0.897,0.010,78.3,1727.6
1790923960.880,470694,67,1,1.130,0.010,66.4,1853.4
1790923960.880,471364,67,1,1.149,0.000,69.9,2017.9
1790923960.880,472046,67,0,0.490,0.000,19.3,1155.3
1790923962.899,467508,67,1,0.921,0.000,46.6,1738.7
1790923962.899,468076,67,0,0.545,0.005,14.9,1149.7
1790923962.899,468700,67,1,0.941,0.000,38.1,1777.8
1790923962.899,469382,67,1,0.723,0.005,40.6,1473.7
1790923962.899,470081,67,1,1.110,0.000,42.1,1817.9
1790923962.899,470694,67,1,1.035,0.010,41.1,1940.8
1790923962.899,471364,67,1,1.194,0.000,58.5,1899.2
1790923962.899,472046,67,1,0.768,0.000,27.2,1538.0
1790923964.917,467508,67,1,1.075,0.005,52.5,2117.1
1790923964.917,468076,67,0,0.164,0.005,12.9,886.4
1790923964.917,468700,67,1,0.654,0.005,28.2,1599.4
1790923964.917,469382,67,1,0.664,0.005,29.7,1578.1
1790923964.917,470081,67,0,0.545,0.000,32.2,1436.4
1790923964.917,470694,67,0,0.446,0.000,18.3,1239.2
1790923964.917,471364,67,1,1.036,0.005,38.2,2385.7
1790923964.917,472046,67,1,0.718,0.005,32.2,1738.6
1790923966.937,467508,67,1,1.119,0.005,56.4,1968.5
1790923966.937,468076,67,1,1.173,0.010,57.4,2095.3
1790923966.937,468700,67,1,0.866,0.005,19.8,1637.3
1790923966.937,469382,67,0,0.381,0.005,16.8,1114.0
1790923966.937,470081,67,1,1.154,0.010,38.6,1901.2
1790923966.937,470694,67,1,1.094,0.000,73.8,1958.1
1790923966.937,471364,67,0,0.144,0.000,2.5,846.1
1790923966.937,472046,67,1,1.144,0.005,30.7,1793.3
1790923968.956,467508,67,1,0.931,0.005,28.7,1740.3
1790923968.956,468076,67,1,1.055,0.005,56.0,1898.2
1790923968.956,468700,67,1,0.827,0.000,42.1,1656.6
1790923968.956,469382,67,1,1.040,0.005,37.1,1821.0
1790923968.956,470081,67,1,1.005,0.000,25.8,1797.2
1790923968.956,470694,67,1,0.812,0.005,24.3,1542.2
1790923968.956,471364,67,1,0.847,0.000,25.8,1596.6
1790923968.956,472046,67,1,1.025,0.005,45.6,1825.4
1790923970.975,467508,67,1,1.110,0.000,44.1,1900.7
1790923970.975,468076,67,1,0.991,0.000,48.1,1797.2
1790923970.975,468700,67,1,0.991,0.005,57.5,1889.8
1790923970.975,469382,67,1,1.065,0.005,51.5,2012.7
1790923970.975,470081,67,1,0.862,0.000,47.6,1584.7
1790923970.975,470694,67,0,0.421,0.005,11.4,1187.9
1790923970.975,471364,67,1,0.703,0.010,36.2,1427.2
1790923970.975,472046,67,1,0.892,0.000,55.0,1720.4
1790923972.994,467508,67,1,0.782,0.005,46.5,1622.1
1790923972.994,468076,67,1,0.990,0.005,30.7,1676.6
1790923972.994,468700,67,1,1.114,0.000,53.5,1848.4
1790923972.994,469382,67,1,1.149,0.005,37.6,1896.4
1790923972.994,470081,67,1,0.797,0.000,23.8,1430.0
1790923972.994,470694,67,1,0.990,0.005,41.1,1730.5
1790923972.994,471364,67,1,0.857,0.000,17.3,1455.2
1790923972.994,472046,67,1,0.857,0.000,56.4,1627.1
1790923975.012,467508,67,0,0.173,0.000,5.0,960.1
1790923975.012,468076,67,1,0.848,0.000,36.7,1672.4
1790923975.012,468700,67,1,1.041,0.005,39.2,1914.8
1790923975.012,469382,67,1,0.719,0.005,14.9,1596.5
1790923975.012,470081,67,1,0.813,0.000,40.1,1648.1
1790923975.012,470694,67,1,1.081,0.005,45.1,2039.7
1790923975.012,471364,67,1,1.011,0.005,42.6,1986.1
1790923975.012,472046,67,0,0.520,0.005,8.9,1331.4
1790923977.030,467508,67,1,1.125,0.005,46.1,1989.3
1790923977.030,468076,67,0,0.575,0.005,15.4,1406.7
1790923977.030,468700,67,0,0.461,0.000,17.3,1302.6
1790923977.030,469382,67,1,0.946,0.000,56.5,1945.2
1790923977.030,470081,67,1,0.674,0.000,16.8,1420.5
1790923977.030,470694,67,1,0.961,0.005,46.6,1987.4
1790923977.030,471364,67,0,0.372,0.000,28.2,1255.5
1790923977.030,472046,67,1,1.070,0.000,38.6,1883.3
1790923979.047,467508,67,1,0.927,0.005,29.7,1927.8
1790923979.047,468076,67,1,1.046,0.005,44.1,2255.0
1790923979.047,468700,67,1,0.650,0.005,30.7,1588.6
1790923979.047,469382,67,1,0.714,0.000,25.3,1727.5
1790923979.047,470081,67,1,0.788,0.005,36.7,1780.0
1790923979.047,470694,67,0,0.050,0.000,2.5,749.7
1790923979.047,471364,67,0,0.491,0.000,23.3,1436.9
1790923979.047,472046,67,1,0.709,0.005,41.6,1711.1
1790923981.064,467508,67,1,0.902,0.000,33.7,1700.5
1790923981.064,468076,67,1,1.001,0.005,47.6,1762.0
1790923981.064,468700,67,1,0.848,0.000,24.8,1476.4
1790923981.064,469382,67,1,0.763,0.000,23.8,1446.2
1790923981.064,470081,67,1,1.180,0.005,56.0,1979.6
1790923981.064,470694,67,1,0.620,0.000,31.7,1355.0
1790923981.064,471364,67,1,0.853,0.000,58.5,1733.2
1790923981.064,472046,67,1,0.957,0.005,42.6,1786.8
1790923983.083,467508,67,0,0.540,0.000,31.2,1270.3
1790923983.083,468076,67,1,1.139,0.005,51.5,2005.3
1790923983.083,468700,67,1,0.812,0.000,22.8,1644.2
1790923983.083,469382,67,1,1.045,0.010,35.2,1937.4
1790923983.083,470081,67,0,0.327,0.005,35.7,1093.5
1790923983.083,470694,67,1,1.065,0.000,61.4,2123.2
1790923983.083,471364,67,1,1.045,0.010,31.7,1955.3
1790923983.083,472046,67,1,0.664,0.000,28.2,1494.2
1790923985.102,467508,67,1,1.154,0.005,45.1,1804.9
1790923985.102,468076,67,1,0.991,0.015,55.0,1850.0
1790923985.102,468700,67,1,0.907,0.005,38.6,1672.1
1790923985.102,469382,67,1,1.149,0.000,58.0,2007.6
1790923985.102,470081,67,1,1.174,0.000,44.1,1862.4
1790923985.102,470694,67,0,0.426,0.000,20.3,1193.0
1790923985.102,471364,67,1,0.897,0.000,17.3,1501.2
1790923985.102,472046,67,1,1.100,0.000,28.2,1721.2
1790923987.120,467508,67,1,0.867,0.000,36.2,1569.3
1790923987.120,468076,67,1,1.135,0.000,41.1,1893.4
1790923987.120,468700,67,1,1.145,0.000,24.8,1769.5
1790923987.120,469382,67,1,1.135,0.000,37.7,1825.5
1790923987.120,470081,67,1,1.160,0.000,67.4,1961.8
1790923987.120,470694,67,1,0.803,0.000,37.7,1516.3
1790923987.120,471364,67,1,1.204,0.005,29.2,1735.3
1790923987.120,472046,67,0,0.377,0.005,8.4,1089.2
1790923989.138,467508,67,1,0.719,0.005,23.8,1725.1
1790923989.138,468076,67,0,0.491,0.000,24.3,1332.1
1790923989.138,468700,67,0,0.590,0.000,16.4,1386.1
1790923989.138,469382,67,0,0.168,0.000,3.5,887.1
1790923989.138,470081,67,1,0.689,0.005,41.1,1861.4
1790923989.138,470694,67,1,0.823,0.005,25.3,1891.6
1790923989.138,471364,67,0,0.421,0.000,17.8,1238.4
1790923989.138,472046,67,1,0.793,0.000,24.8,1745.4
1790923991.155,467508,67,1,1.125,0.005,35.7,1740.1
1790923991.155,468076,67,1,0.872,0.005,54.5,1639.5
1790923991.155,468700,67,1,1.071,0.005,41.6,1766.3
1790923991.155,469382,67,1,1.115,0.005,53.5,1736.1
1790923991.155,470081,67,1,0.981,0.000,54.0,1689.0
1790923991.155,470694,67,1,1.135,0.005,42.6,1782.2
1790923991.155,471364,67,1,1.110,0.000,53.0,1860.5
1790923991.155,472046,67,1,1.175,0.000,45.1,1699.9
1790923993.175,467508,67,1,0.609,0.000,34.7,1245.3
1790923993.175,468076,67,1,1.015,0.000,49.0,1769.2
1790923993.175,468700,67,1,1.099,0.005,56.4,1864.3
1790923993.175,469382,67,1,1.149,0.010,42.6,1793.0
1790923993.175,470081,67,1,0.881,0.005,38.1,1597.4
1790923993.175,470694,67,1,1.183,0.000,58.4,1783.6
1790923993.175,471364,67,1,1.025,0.005,70.3,1758.8
1790923993.175,472046,67,1,1.174,0.000,74.3,1911.8
1790923995.196,467508,67,1,1.059,0.005,54.4,1805.7
1790923995.196,468076,67,1,1.019,0.010,34.6,1837.4
1790923995.196,468700,67,1,1.183,0.000,35.1,1873.5
1790923995.196,469382,67,1,1.024,0.000,35.6,1716.6
1790923995.196,470081,67,1,1.084,0.005,76.7,1896.7
1790923995.196,470694,67,0,0.371,0.000,25.2,1109.9
1790923995.196,471364,67,1,0.886,0.005,43.1,1674.6
1790923995.196,472046,67,1,0.970,0.005,34.6,1791.3
1790923997.216,467508,67,1,1.178,0.005,56.9,1682.1
1790923997.216,468076,67,1,1.143,0.000,57.9,1755.8
1790923997.216,468700,67,1,1.138,0.000,44.0,1746.4
1790923997.216,469382,67,1,1.123,0.005,42.6,1698.9
1790923997.216,470081,67,1,0.955,0.000,59.4,1667.7
1790923997.216,470694,67,1,1.133,0.010,24.7,1674.1
1790923997.216,471364,67,1,1.069,0.005,36.6,1718.7
1790923997.216,472046,67,1,1.034,0.000,50.5,1699.9
1790923999.237,467508,67,1,0.940,0.000,23.3,1693.0
1790923999.237,468076,67,1,1.099,0.010,44.0,1998.3
1790923999.237,468700,67,1,0.678,0.005,11.4,1453.5
1790923999.237,469382,67,1,0.836,0.015,37.1,1666.3
1790923999.237,470081,67,1,0.911,0.005,32.7,1720.2
1790923999.237,470694,67,1,0.970,0.000,64.3,1919.1
1790923999.237,471364,67,1,0.950,0.005,49.5,1705.4
1790923999.237,472046,67,1,0.742,0.005,33.7,1634.6
1790924001.256,467508,67,1,0.936,0.000,25.8,1840.4
1790924001.256,468076,67,1,0.926,0.005,58.0,1922.1
1790924001.256,468700,67,0,0.520,0.000,14.4,1391.1
1790924001.256,469382,67,1,0.867,0.000,42.6,1750.2
1790924001.256,470081,67,1,0.822,0.000,27.7,1719.0
1790924001.256,470694,67,1,0.773,0.005,20.3,1660.1
1790924001.256,471364,67,1,0.996,0.000,61.9,2019.7
1790924001.256,472046,67,1,0.679,0.000,40.6,1533.7
1790924003.274,467508,67,1,0.738,0.010,50.5,1519.8
1790924003.274,468076,67,1,1.011,0.005,60.0,1818.6
1790924003.274,468700,67,1,1.204,0.005,49.1,1910.3
1790924003.274,469382,67,1,0.951,0.000,41.6,1797.3
1790924003.274,470081,67,0,0.570,0.005,11.4,1234.4
1790924003.274,470694,67,1,0.951,0.000,36.2,1758.6
1790924003.274,471364,67,0,0.570,0.000,20.3,1244.3
1790924003.274,472046,67,1,1.105,0.000,40.6,1855.3
1790924005.292,467508,67,1,0.932,0.000,27.7,2035.6
1790924005.292,468076,67,1,1.110,0.005,62.9,2562.4
1790924005.292,468700,67,1,0.664,0.005,34.7,1728.4
1790924005.292,469382,67,0,0.089,0.000,4.0,838.9
1790924005.292,470081,67,0,0.401,0.005,12.9,1375.6
1790924005.292,470694,67,1,0.664,0.005,45.1,1581.2
1790924005.292,471364,67,1,0.694,0.005,32.7,1816.6
1790924005.292,472046,67,0,0.263,0.005,14.9,1087.2
1790924007.310,467508,67,1,0.619,0.015,20.8,1543.0
1790924007.310,468076,67,1,0.644,0.005,24.8,1586.1
1790924007.310,468700,67,1,0.758,0.010,37.2,1944.8
1790924007.310,469382,67,1,0.773,0.000,36.7,1538.0
1790924007.310,470081,67,1,0.897,0.000,49.1,1933.9
1790924007.310,470694,67,1,0.946,0.000,57.0,2205.9
1790924007.310,471364,67,0,0.362,0.000,25.3,1251.1
1790924007.310,472046,67,1,0.837,0.005,42.6,1860.6
1790924009.328,467508,67,1,0.976,0.005,15.9,1641.3
1790924009.328,468076,67,1,1.070,0.005,57.0,1912.8
1790924009.328,468700,67,0,0.446,0.000,16.3,1156.3
1790924009.328,469382,67,1,1.149,0.000,19.8,1741.4
1790924009.328,470081,67,1,1.100,0.000,54.0,1922.2
1790924009.328,470694,67,1,1.080,0.010,34.2,1828.6
1790924009.328,471364,67,1,1.189,0.000,64.9,1873.2
1790924009.328,472046,67,1,1.070,0.005,42.1,1808.8
1790924011.347,467508,67,1,0.818,0.000,30.2,1687.6
1790924011.347,468076,67,1,0.932,0.005,38.6,1835.8
1790924011.347,468700,67,0,0.337,0.005,9.9,1032.1
1790924011.347,469382,67,1,0.758,0.005,24.8,1684.7
1790924011.347,470081,67,1,0.857,0.010,11.4,1744.6
1790924011.347,470694,67,1,0.619,0.000,29.2,1435.4
1790924011.347,471364,67,1,1.179,0.010,48.6,2229.2
1790924011.347,472046,67,0,0.505,0.005,12.4,1254.1
1790924013.365,467508,67,1,0.709,0.000,55.0,1522.6
1790924013.365,468076,67,1,1.041,0.000,41.1,2044.8
1790924013.365,468700,67,1,0.629,0.000,28.2,1443.8
1790924013.365,469382,67,1,0.936,0.010,51.0,1790.2
1790924013.365,470081,67,1,1.204,0.000,61.4,2215.3
1790924013.365,470694,67,1,0.783,0.000,37.2,1492.9
1790924013.365,471364,67,0,0.332,0.000,15.4,1044.5
1790924013.365,472046,67,1,0.624,0.000,32.2,1569.7
1790924015.383,467508,67,0,0.377,0.000,22.8,1149.6
1790924015.383,468076,67,0,0.565,0.000,15.9,1489.5
1790924015.383,468700,67,1,1.164,0.005,49.1,2224.4
1790924015.383,469382,67,1,0.941,0.005,42.1,1865.2
1790924015.383,470081,67,1,0.748,0.000,32.7,1599.1
1790924015.383,470694,67,1,1.016,0.005,61.4,2227.9
1790924015.383,471364,67,1,0.595,0.000,23.3,1345.4
1790924015.383,472046,67,1,0.634,0.005,25.8,1521.8
1790924017.402,467508,67,1,0.961,0.000,43.1,1791.7
1790924017.402,468076,67,1,0.857,0.005,39.1,1614.8
1790924017.402,468700,67,1,1.159,0.000,36.7,2019.6
1790924017.402,469382,67,1,0.773,0.000,32.2,1611.9
1790924017.402,470081,67,1,1.144,0.000,25.8,1978.4
1790924017.402,470694,67,1,0.629,0.000,38.6,1398.4
1790924017.402,471364,67,1,0.654,0.000,22.8,1409.8
1790924017.402,472046,67,1,0.723,0.000,24.8,1549.0
1790924019.427,467508,67,1,1.052,0.010,36.1,1880.7
1790924019.427,468076,67,1,1.111,0.005,41.0,2148.8
1790924019.427,468700,67,1,1.180,0.005,55.8,2026.9
1790924019.427,469382,67,0,0.178,0.000,17.8,865.8
1790924019.427,470081,67,1,0.607,0.000,19.8,1363.6
1790924019.427,470694,67,1,0.706,0.000,58.8,1703.4
1790924019.427,471364,67,1,1.106,0.005,44.0,2059.5
1790924019.427,472046,67,1,0.588,0.000,22.7,1394.7
1790924021.445,467508,67,1,0.817,0.000,9.4,1628.1
1790924021.445,468076,67,1,0.991,0.000,32.2,1807.4
1790924021.445,468700,67,1,0.832,0.005,33.7,1697.9
1790924021.445,469382,67,1,0.594,0.005,17.8,1332.9
1790924021.445,470081,67,1,0.758,0.000,27.2,1517.1
1790924021.445,470694,67,1,1.065,0.000,34.2,2002.1
1790924021.445,471364,67,1,1.159,0.000,33.7,2005.5
1790924021.445,472046,67,1,0.684,0.005,26.7,1565.2
1790924023.464,467508,67,0,0.163,0.000,5.0,890.1
1790924023.464,468076,67,0,0.109,0.005,12.9,842.5
1790924023.464,468700,67,1,0.669,0.005,28.2,1834.7
1790924023.464,469382,67,1,0.758,0.000,17.3,1938.7
1790924023.464,470081,67,0,0.352,0.005,20.3,1365.1
1790924023.464,470694,67,1,0.664,0.005,25.3,1895.1
1790924023.464,471364,67,0,0.515,0.005,21.8,1504.3
1790924023.464,472046,67,0,0.371,0.000,20.3,1446.3
1790924025.483,467508,67,0,0.134,0.000,14.4,890.8
1790924025.483,468076,67,0,0.401,0.005,22.8,1226.2
1790924025.483,468700,67,1,0.738,0.000,27.7,1728.1
1790924025.483,469382,67,1,1.154,0.010,28.7,2190.4
1790924025.483,470081,67,1,0.609,0.005,18.3,1518.0
1790924025.483,470694,67,1,0.793,0.005,13.4,1680.5
1790924025.483,471364,67,1,0.768,0.000,23.8,1824.2
1790924025.483,472046,67,1,0.748,0.005,46.6,1779.6
1790924027.500,467508,67,1,1.085,0.000,54.0,1886.4
1790924027.500,468076,67,1,1.076,0.000,65.4,1907.2
1790924027.500,468700,67,1,0.867,0.000,21.3,1774.4
1790924027.500,469382,67,1,1.160,0.000,38.7,2031.6
1790924027.500,470081,67,0,0.421,0.000,24.8,1217.3
1790924027.500,470694,67,1,0.808,0.000,21.3,1555.3
1790924027.500,471364,67,1,0.932,0.000,55.5,1770.4
1790924027.500,472046,67,0,0.520,0.000,24.3,1196.0
1790924029.536,467508,67,1,1.145,0.005,51.1,1782.0
1790924029.536,468076,67,1,1.105,0.005,45.7,1844.4
1790924029.536,468700,67,1,1.051,0.005,48.6,1712.3
1790924029.536,469382,67,1,0.860,0.000,46.2,1565.9
1790924029.536,470081,67,1,1.194,0.005,50.6,1775.2
1790924029.536,470694,67,1,0.958,0.000,42.7,1554.1
1790924029.536,471364,67,1,0.889,0.000,67.8,1634.7
1790924029.536,472046,67,1,0.894,0.000,39.3,1577.7
1790924031.557,467508,67,1,0.935,0.010,22.8,1631.8
1790924031.557,468076,67,1,1.177,0.005,30.7,1875.1
1790924031.557,468700,67,1,1.034,0.010,38.1,1832.6
1790924031.557,469382,67,0,0.005,0.000,0.0,681.1
1790924031.557,470081,67,1,0.811,0.010,31.2,1502.7
1790924031.557,470694,67,1,1.182,0.010,52.4,1996.3
1790924031.557,471364,67,1,1.197,0.005,48.0,1923.1
1790924031.557,472046,67,1,0.920,0.010,48.0,1741.1
1790924033.578,467508,67,1,1.133,0.000,58.9,1907.9
1790924033.578,468076,67,1,0.896,0.010,35.1,1622.8
1790924033.578,468700,67,1,0.629,0.005,10.4,1301.6
1790924033.578,469382,67,1,0.579,0.010,22.8,1388.2
1790924033.578,470081,67,1,0.960,0.000,40.6,1770.8
1790924033.578,470694,67,1,0.797,0.000,20.8,1519.9
1790924033.578,471364,67,1,1.015,0.010,30.2,1796.0
1790924033.578,472046,67,1,1.123,0.000,68.3,1967.2
1790924035.601,467508,67,1,0.850,0.000,60.3,1873.5
1790924035.601,468076,67,1,0.954,0.010,36.1,2080.6
1790924035.601,468700,67,1,0.850,0.005,38.1,1840.3
1790924035.601,469382,67,1,0.900,0.000,34.6,1919.4
1790924035.601,470081,67,1,0.766,0.005,45.5,1573.9
1790924035.601,470694,67,0,0.316,0.000,8.4,1082.6
1790924035.601,471364,67,0,0.391,0.005,15.8,1191.3
1790924035.601,472046,67,1,0.633,0.005,42.5,1714.3
1790924037.620,467508,67,0,0.599,0.010,16.3,1471.1
1790924037.620,468076,67,0,0.292,0.005,8.9,1159.0
1790924037.620,468700,67,1,1.179,0.000,37.6,2269.5
1790924037.620,469382,67,1,0.956,0.010,38.1,2066.9
1790924037.620,470081,67,0,0.317,0.000,17.3,1149.6
1790924037.620,470694,67,1,0.986,0.010,33.2,2023.8
1790924037.620,471364,67,0,0.456,0.005,12.9,1375.0
1790924037.620,472046,67,0,0.520,0.000,17.8,1461.2
1790924039.640,467508,67,1,0.956,0.010,29.7,2000.1
1790924039.640,468076,67,1,0.856,0.000,24.8,1886.3
1790924039.640,468700,67,0,0.020,0.000,5.0,715.4
1790924039.640,469382,67,0,0.347,0.000,5.0,1124.3
1790924039.640,470081,67,0,0.569,0.005,34.2,1439.2
1790924039.640,470694,67,1,0.980,0.010,28.2,2058.1
1790924039.640,471364,67,1,0.926,0.010,29.2,2026.4
1790924039.640,472046,67,1,0.738,0.000,19.3,1660.5
1790924041.659,467508,67,1,1.065,0.000,45.6,2148.6
1790924041.659,468076,67,1,0.713,0.000,24.3,1552.9
1790924041.659,468700,67,1,0.807,0.000,20.3,1549.9
1790924041.659,469382,67,0,0.386,0.000,28.2,1108.2
1790924041.659,470081,67,1,1.025,0.005,32.7,1795.5
1790924041.659,470694,67,0,0.560,0.000,26.7,1302.8
1790924041.659,471364,67,1,1.154,0.000,81.2,2266.5
1790924041.659,472046,67,1,0.763,0.005,44.1,1782.2
1790924043.677,467508,67,1,1.090,0.000,48.6,2051.0
1790924043.677,468076,67,1,0.823,0.000,29.7,1738.2
1790924043.677,468700,67,1,0.625,0.015,44.6,1661.9
1790924043.677,469382,67,1,1.051,0.005,36.7,1915.7
1790924043.677,470081,67,1,0.694,0.000,15.9,1478.0
1790924043.677,470694,67,1,0.942,0.000,28.7,1781.8
1790924043.677,471364,67,1,0.669,0.010,24.8,1504.3
1790924043.677,472046,67,1,0.763,0.000,30.2,1622.7
1790924045.695,467508,67,1,1.164,0.005,59.0,1888.3
1790924045.695,468076,67,1,1.135,0.000,68.4,1926.4
1790924045.695,468700,67,1,1.001,0.005,53.5,1837.7
1790924045.695,469382,67,1,1.055,0.005,56.5,1787.7
1790924045.695,470081,67,1,0.867,0.000,27.3,1578.6
1790924045.695,470694,67,1,0.768,0.000,41.6,1478.0
1790924045.695,471364,67,1,1.031,0.005,52.5,1731.7
1790924045.695,472046,67,1,0.758,0.000,31.2,1540.4
1790924047.718,467508,67,1,0.954,0.005,37.6,1601.3
1790924047.718,468076,67,1,1.083,0.005,48.9,1854.4
1790924047.718,468700,67,1,0.984,0.005,57.8,1741.7
1790924047.718,469382,67,1,1.009,0.000,46.0,1749.1
1790924047.718,470081,67,1,1.122,0.005,56.4,1861.3
1790924047.718,470694,67,1,1.053,0.000,29.7,1700.6
1790924047.718,471364,67,1,0.761,0.000,46.0,1512.8
1790924047.718,472046,67,1,1.038,0.000,28.7,1774.3
1790924049.737,467508,67,1,0.723,0.000,20.8,1967.6
1790924049.737,468076,67,0,0.451,0.005,15.4,1566.5
1790924049.737,468700,67,0,0.084,0.000,6.4,808.7
1790924049.737,469382,67,0,0.510,0.000,15.8,1599.2
1790924049.737,470081,67,0,0.619,0.000,30.2,1870.5
1790924049.737,470694,67,0,0.505,0.000,34.2,1691.8
1790924049.737,471364,67,0,0.208,0.000,2.5,1237.1
1790924049.737,472046,67,0,0.000,0.000,0.0,682.5
1790924051.754,467508,67,1,0.858,0.005,38.7,1597.6
1790924051.754,468076,67,1,1.140,0.010,40.2,1836.1
1790924051.754,468700,67,1,0.580,0.000,15.9,1344.3
1790924051.754,469382,67,1,1.066,0.000,15.9,1787.5
1790924051.754,470081,67,1,0.907,0.005,36.2,1731.5
1790924051.754,470694,67,1,1.160,0.010,54.0,1862.3
1790924051.754,471364,67,1,0.882,0.000,45.6,1653.2
1790924051.754,472046,67,1,1.105,0.000,58.5,1988.2
1790924053.772,467508,67,1,0.813,0.000,38.2,1698.4
1790924053.772,468076,67,0,0.109,0.000,0.5,798.9
1790924053.772,468700,67,1,1.120,0.000,42.6,2071.1
1790924053.772,469382,67,0,0.431,0.000,13.9,1157.2
1790924053.772,470081,67,1,1.080,0.005,50.1,2148.9
1790924053.772,470694,67,1,0.902,0.000,37.2,1750.0
1790924053.772,471364,67,1,0.882,0.005,39.2,1672.2
1790924053.772,472046,67,1,1.085,0.010,63.4,2008.7
1790924055.791,467508,67,1,0.887,0.000,40.6,1674.2
1790924055.791,468076,67,1,0.713,0.005,19.8,1444.8
1790924055.791,468700,67,1,0.768,0.005,48.0,1691.0
1790924055.791,469382,67,1,1.204,0.000,26.3,1954.0
1790924055.791,470081,67,1,1.065,0.000,25.3,1920.3
1790924055.791,470694,67,1,0.847,0.005,31.2,1700.9
1790924055.791,471364,67,1,0.832,0.000,39.1,1704.9
1790924055.791,472046,67,1,0.604,0.000,19.3,1346.8
1790924057.810,467508,67,1,1.159,0.000,52.5,1942.1
1790924057.810,468076,67,1,0.599,0.000,11.4,1235.0
1790924057.810,468700,67,1,1.179,0.005,67.8,1991.6
1790924057.810,469382,67,1,0.822,0.010,22.3,1529.1
1790924057.810,470081,67,1,0.951,0.005,46.1,1724.2
1790924057.810,470694,67,1,0.901,0.000,26.7,1589.0
1790924057.810,471364,67,1,1.015,0.005,52.0,1767.8
1790924057.810,472046,67,1,0.837,0.000,45.1,1648.5
1790924059.828,467508,67,1,0.907,0.000,32.7,1693.3
1790924059.828,468076,67,1,0.942,0.000,23.3,1790.5
1790924059.828,468700,67,1,1.130,0.000,53.0,2157.2
1790924059.828,469382,67,1,0.813,0.005,14.9,1536.3
1790924059.828,470081,67,0,0.580,0.005,10.9,1330.1
1790924059.828,470694,67,0,0.391,0.000,21.8,1160.6
1790924059.828,471364,67,1,0.932,0.010,40.1,1776.1
1790924059.828,472046,67,1,1.075,0.005,35.2,1881.7
1790924061.848,467508,67,1,0.921,0.005,19.3,1608.0
1790924061.848,468076,67,1,1.149,0.000,47.0,1811.1
1790924061.848,468700,67,1,0.768,0.000,36.2,1544.6
1790924061.848,469382,67,1,1.065,0.000,49.0,1662.0
1790924061.848,470081,67,1,0.847,0.000,40.6,1571.9
1790924061.848,470694,67,1,0.916,0.010,44.6,1690.7
1790924061.848,471364,67,1,1.104,0.000,61.4,1895.8
1790924061.848,472046,67,1,1.055,0.000,53.0,1819.5
1790924063.866,467508,67,0,0.416,0.010,8.4,1304.6
1790924063.866,468076,67,1,0.778,0.000,40.1,1828.8
1790924063.866,468700,67,0,0.421,0.000,19.3,1277.9
1790924063.866,469382,67,1,0.614,0.010,25.8,1556.3
1790924063.866,470081,67,1,0.897,0.000,28.2,2040.9
1790924063.866,470694,67,0,0.495,0.000,17.8,1517.7
1790924063.866,471364,67,0,0.277,0.000,12.4,1128.2
1790924063.866,472046,67,1,0.619,0.005,34.7,1674.7
1790924065.885,467508,67,1,0.986,0.000,43.1,1767.2
1790924065.885,468076,67,1,0.733,0.000,37.6,1525.5
1790924065.885,468700,67,1,0.887,0.000,46.1,1759.8
1790924065.885,469382,67,1,1.105,0.005,34.2,1977.2
1790924065.885,470081,67,0,0.520,0.000,17.3,1400.7
1790924065.885,470694,67,1,0.738,0.000,49.0,1577.0
1790924065.885,471364,67,0,0.347,0.000,21.8,1087.7
1790924065.885,472046,67,1,1.114,0.000,25.3,2011.4
1790924067.903,467508,67,1,0.971,0.005,29.7,1760.2
1790924067.903,468076,67,1,1.169,0.015,44.6,1816.6
1790924067.903,468700,67,1,1.144,0.015,65.9,1816.6
1790924067.903,469382,67,1,0.897,0.000,27.7,1447.1
1790924067.903,470081,67,1,0.798,0.005,55.5,1530.3
1790924067.903,470694,67,1,0.926,0.000,60.9,1730.4
1790924067.903,471364,67,1,1.115,0.005,65.4,1990.5
1790924067.903,472046,67,1,1.130,0.000,40.6,1839.4
1790924069.924,467508,67,1,1.158,0.005,33.6,1827.4
1790924069.924,468076,67,1,1.163,0.000,20.3,1785.3
1790924069.924,468700,67,1,1.148,0.005,55.4,1878.8
1790924069.924,469382,67,1,1.123,0.005,30.2,1842.7
1790924069.924,470081,67,0,0.529,0.005,15.8,1183.1
1790924069.924,470694,67,1,0.970,0.005,27.7,1681.4
1790924069.924,471364,67,1,1.153,0.000,46.0,1905.6
1790924069.924,472046,67,1,0.792,0.005,38.1,1569.6
1790924071.944,467508,67,1,0.832,0.005,24.8,1749.7
1790924071.944,468076,67,0,0.356,0.000,6.9,1051.1
1790924071.944,468700,67,1,1.079,0.000,59.4,1935.9
1790924071.944,469382,67,1,0.980,0.005,42.6,2011.2
1790924071.944,470081,67,1,0.728,0.000,38.6,1422.0
1790924071.944,470694,67,1,0.743,0.005,31.7,1698.2
1790924071.944,471364,67,1,1.139,0.005,33.2,1901.2
1790924071.944,472046,67,1,0.970,0.005,38.1,1820.5
1790924073.962,467508,67,1,1.075,0.005,52.0,1875.8
1790924073.962,468076,67,1,0.902,0.010,58.5,1790.5
1790924073.962,468700,67,1,0.753,0.000,32.2,1614.6
1790924073.962,469382,67,1,0.733,0.005,39.6,1588.8
1790924073.962,470081,67,1,0.753,0.005,45.1,1565.0
1790924073.962,470694,67,1,0.991,0.010,39.6,1778.6
1790924073.962,471364,67,1,1.160,0.005,38.7,1936.7
1790924073.962,472046,67,1,0.684,0.005,31.2,1519.9
1790924075.980,467508,67,1,0.872,0.000,49.6,1595.0
1790924075.980,468076,67,1,0.808,0.005,39.6,1508.8
1790924075.980,468700,67,1,1.100,0.005,57.0,1727.3
1790924075.980,469382,67,1,1.080,0.005,79.3,1810.6
1790924075.980,470081,67,1,1.155,0.000,58.0,1824.5
1790924075.980,470694,67,1,1.159,0.000,60.5,1836.8
1790924075.980,471364,67,1,1.090,0.005,41.6,1710.5
1790924075.980,472046,67,1,1.130,0.005,26.3,1787.3
1790924077.999,467508,67,1,1.080,0.000,61.4,1946.6
1790924077.999,468076,67,1,0.936,0.000,47.6,1768.3
1790924077.999,468700,67,0,0.505,0.010,21.8,1178.4
1790924077.999,469382,67,1,0.951,0.000,56.0,1880.8
1790924077.999,470081,67,1,0.951,0.000,56.0,1804.5
1790924077.999,470694,67,1,1.050,0.005,41.6,1825.8
1790924077.999,471364,67,1,0.783,0.000,36.2,1477.1
1790924077.999,472046,67,1,0.901,0.000,47.1,1851.0
1790924080.023,467508,67,0,0.509,0.000,14.8,1204.1
1790924080.023,468076,67,1,0.667,0.000,39.5,1524.8
1790924080.023,468700,67,1,0.914,0.005,20.8,1658.2
1790924080.023,469382,67,1,1.181,0.000,58.3,2016.9
1790924080.023,470081,67,1,0.618,0.005,20.3,1379.5
1790924080.023,470694,67,1,1.043,0.005,38.5,1911.7
1790924080.023,471364,67,1,1.057,0.015,48.9,1887.0
1790924080.023,472046,67,1,0.598,0.000,21.2,1467.0
1790924082.040,467508,67,1,0.877,0.000,43.6,1691.6
1790924082.040,468076,67,1,0.947,0.000,36.7,1730.3
1790924082.040,468700,67,1,1.080,0.000,51.1,1831.4
1790924082.040,469382,67,1,1.105,0.005,34.2,1951.3
1790924082.040,470081,67,1,0.957,0.000,32.7,1755.0
1790924082.040,470694,67,1,0.629,0.005,26.8,1323.3
1790924082.040,471364,67,0,0.431,0.000,21.8,1273.3
1790924082.040,472046,67,1,0.838,0.000,43.6,1701.5
1790924084.060,467508,67,1,0.906,0.000,46.0,1641.1
1790924084.060,468076,67,1,1.054,0.005,32.2,1682.2
1790924084.060,468700,67,1,1.045,0.005,32.7,1636.2
1790924084.060,469382,67,1,1.149,0.000,55.4,1908.0
1790924084.060,470081,67,1,1.074,0.005,42.6,1829.8
1790924084.060,470694,67,1,0.599,0.000,15.3,1333.7
1790924084.060,471364,67,1,1.168,0.000,39.6,1798.6
1790924084.060,472046,67,1,1.168,0.005,42.6,1762.4
1790924086.079,467508,67,1,0.961,0.005,30.2,1881.8
1790924086.079,468076,67,1,0.837,0.010,45.1,1666.9
1790924086.079,468700,67,1,0.971,0.010,43.1,1870.9
1790924086.079,469382,67,1,0.614,0.000,26.7,1386.5
1790924086.079,470081,67,1,0.718,0.005,40.6,1504.9
1790924086.079,470694,67,1,0.793,0.005,24.8,1491.0
1790924086.079,471364,67,1,1.045,0.000,39.1,1868.0
1790924086.079,472046,67,1,0.674,0.005,24.8,1509.3
1790924088.098,467508,67,1,0.778,0.005,45.1,1657.5
1790924088.098,468076,67,1,1.169,0.005,77.8,1983.4
1790924088.098,468700,67,0,0.471,0.000,19.3,1127.4
1790924088.098,469382,67,1,1.144,0.005,48.0,1874.9
1790924088.098,470081,67,1,1.030,0.000,53.5,1800.1
1790924088.098,470694,67,1,1.105,0.000,42.1,1830.3
1790924088.098,471364,67,1,0.931,0.000,14.9,1535.6
1790924088.098,472046,67,1,0.976,0.000,54.5,1818.4
1790924090.117,467508,67,1,0.753,0.005,26.3,1438.8
1790924090.117,468076,67,1,1.184,0.005,27.7,1879.2
1790924090.117,468700,67,0,0.515,0.000,15.8,1124.3
1790924090.117,469382,67,1,1.164,0.000,29.2,1858.4
1790924090.117,470081,67,1,0.797,0.005,39.1,1627.6
1790924090.117,470694,67,1,1.144,0.005,44.6,2003.5
1790924090.117,471364,67,1,0.906,0.000,26.7,1673.6
1790924090.117,472046,67,1,1.035,0.010,44.6,1834.6
1790924092.136,467508,67,1,0.768,0.000,23.3,1376.2
1790924092.136,468076,67,1,1.164,0.005,42.1,1777.8
1790924092.136,468700,67,1,1.164,0.005,39.1,1743.6
1790924092.136,469382,67,1,1.159,0.010,68.8,1876.9
1790924092.136,470081,67,1,1.124,0.005,47.5,1860.5
1790924092.136,470694,67,1,0.872,0.000,57.4,1607.0
1790924092.136,471364,67,1,1.114,0.005,40.1,1766.4
1790924092.136,472046,67,1,1.020,0.000,56.9,1765.9
1790924094.156,467508,67,0,0.000,0.000,0.5,683.2
1790924094.156,468076,67,1,0.797,0.005,16.3,1644.1
1790924094.156,468700,67,1,0.891,0.000,26.2,1974.8
1790924094.156,469382,67,1,0.753,0.000,55.9,1974.8
1790924094.156,470081,67,1,1.045,0.000,35.2,2181.3
1790924094.156,470694,67,0,0.257,0.000,23.3,1022.8
1790924094.156,471364,67,1,0.668,0.005,15.3,1507.5
1790924094.156,472046,67,1,0.653,0.000,20.3,1562.0
1790924096.176,467508,67,0,0.005,0.000,0.0,682.7
1790924096.176,468076,67,0,0.564,0.000,25.2,1380.3
1790924096.176,468700,67,1,0.886,0.000,28.2,1891.7
1790924096.176,469382,67,1,0.757,0.010,31.2,1732.8
1790924096.176,470081,67,1,0.817,0.015,19.3,1722.9
1790924096.176,470694,67,1,0.901,0.000,32.7,1966.5
1790924096.176,471364,67,1,1.015,0.005,23.8,2018.4
1790924096.176,472046,67,1,0.644,0.000,23.8,1478.8
1790924098.198,467508,67,0,0.000,0.000,0.0,684.3
1790924098.198,468076,67,0,0.386,0.005,16.3,1461.0
1790924098.198,468700,67,0,0.534,0.000,12.4,1584.7
1790924098.198,469382,67,0,0.534,0.000,15.8,1667.7
1790924098.198,470081,67,1,0.658,0.000,18.8,1851.2
1790924098.198,470694,67,1,0.771,0.005,30.2,1995.0
1790924098.198,471364,67,0,0.351,0.000,25.2,1289.0
1790924098.198,472046,67,0,0.598,0.000,29.2,1686.0
1790924100.217,467508,67,0,0.010,0.005,0.5,681.6
1790924100.217,468076,67,1,1.060,0.010,21.3,2679.7
1790924100.217,468700,67,0,0.000,0.000,1.5,683.0
1790924100.217,469382,67,1,0.842,0.000,36.7,2038.7
1790924100.217,470081,67,1,0.887,0.000,32.7,2406.2
1790924100.217,470694,67,0,0.456,0.000,13.9,1460.7
1790924100.217,471364,67,0,0.000,0.000,0.5,682.5
1790924100.217,472046,67,0,0.238,0.005,12.9,1133.3
1790924102.235,467508,67,0,0.000,0.010,0.0,682.1
1790924102.235,468076,67,0,0.129,0.005,0.0,1119.8
1790924102.235,468700,67,0,0.000,0.000,0.0,684.1
1790924102.235,469382,67,0,0.005,0.000,0.0,689.5
1790924102.235,470081,67,0,0.377,0.005,13.9,1658.1
1790924102.235,470694,67,0,0.367,0.000,9.4,1654.2
1790924102.235,471364,67,0,0.005,0.000,0.0,682.6
1790924102.235,472046,67,0,0.178,0.000,5.5,1095.0
1790924104.253,467508,67,0,0.005,0.000,0.0,682.7
1790924104.253,468076,67,0,0.327,0.000,4.0,1482.2
1790924104.253,468700,67,0,0.000,0.000,0.0,681.2
1790924104.253,469382,67,0,0.000,0.000,0.5,682.7
1790924104.253,470081,67,1,0.723,0.005,18.8,2392.8
1790924104.253,470694,67,0,0.377,0.015,7.9,1498.6
1790924104.253,471364,67,0,0.010,0.000,0.0,683.2
1790924104.253,472046,67,0,0.466,0.000,14.9,1592.7
1790924106.272,467508,67,0,0.000,0.000,0.5,682.6
1790924106.272,468076,67,0,0.000,0.000,0.0,682.1
1790924106.272,468700,67,0,0.000,0.000,0.5,684.1
1790924106.272,469382,67,0,0.005,0.000,1.0,681.1
1790924106.272,470081,67,1,0.807,0.005,33.7,2265.7
1790924106.272,470694,67,0,0.580,0.000,10.9,1750.5
1790924106.272,471364,67,0,0.000,0.000,0.0,680.6
1790924106.272,472046,67,1,0.793,0.010,29.2,2555.0
1790924108.289,467508,67,0,0.005,0.000,1.0,679.7
1790924108.289,468076,67,0,0.005,0.005,0.5,683.2
1790924108.289,468700,67,0,0.000,0.000,0.5,682.2
1790924108.289,469382,67,0,0.005,0.000,0.0,683.7
1790924108.289,470081,67,0,0.005,0.000,0.5,682.2
1790924108.289,470694,67,0,0.233,0.000,9.4,1352.9
1790924108.289,471364,67,0,0.000,0.000,0.0,688.1
1790924108.289,472046,67,0,0.372,0.000,9.9,1672.2
1790924110.306,467508,67,0,0.005,0.000,0.5,683.7
1790924110.306,468076,67,0,0.000,0.000,0.0,681.2
1790924110.306,468700,67,0,0.000,0.000,0.0,683.2
1790924110.306,469382,67,0,0.000,0.005,0.0,683.7
1790924110.306,470081,67,0,0.005,0.000,0.0,684.2
1790924110.306,470694,67,0,0.476,0.005,17.8,1980.1
1790924110.306,471364,67,0,0.000,0.000,0.5,683.7
1790924110.306,472046,67,0,0.268,0.000,6.9,1440.7
1790924112.323,467508,67,0,0.000,0.000,0.0,679.6
1790924112.323,468076,67,0,0.000,0.005,0.0,682.6
1790924112.323,468700,67,0,0.005,0.005,0.0,683.1
1790924112.323,469382,67,0,0.000,0.000,0.0,681.6
1790924112.323,470081,67,0,0.000,0.005,0.0,685.6
1790924112.323,470694,67,0,0.431,0.000,13.9,1786.6
1790924112.323,471364,67,0,0.000,0.005,0.5,681.1
1790924112.323,472046,67,0,0.570,0.005,21.8,2121.2
1790924114.340,467508,67,0,0.000,0.000,1.0,680.8
1790924114.340,468076,67,0,0.000,0.000,0.0,683.8
1790924114.340,468700,67,0,0.005,0.000,0.5,682.8
1790924114.340,469382,67,0,0.000,0.005,0.0,685.8
1790924114.340,470081,67,0,0.000,0.000,0.5,682.3
1790924114.340,470694,67,0,0.476,0.000,8.4,1958.1
1790924114.340,471364,67,0,0.005,0.000,0.0,681.8
1790924114.340,472046,67,1,0.774,0.000,15.4,2746.5
1790924116.357,467508,67,0,0.005,0.005,0.0,680.3
1790924116.357,468076,67,0,0.000,0.005,0.0,684.3
1790924116.357,468700,67,0,0.010,0.010,0.0,679.8
1790924116.357,469382,67,0,0.000,0.000,0.0,682.3
1790924116.357,470081,67,0,0.005,0.000,0.5,683.3
1790924116.357,470694,67,0,0.590,0.015,12.4,2467.4
1790924116.357,471364,67,0,0.005,0.000,0.0,680.3
1790924116.357,472046,67,0,0.332,0.000,3.5,1415.2
