name,cohort,cell,n,arm,sched,ok,homogeneous_kv,kv_gib_min,ws_gib_per_model,ttft_p50_mean_ms,ttft_p50_max_ms,ttft_p95_max_ms,tpot_p50_mean_ms,tpot_p50_max_ms,m0_ttft_p50_ms,m0_tpot_p50_ms,m0_tok_per_s,tok_per_s_per_model_min,tok_per_s_agg,n_failed_total,gpu1_sm_active_mean,gpu1_sm_occupancy_mean,gpu1_dram_active_mean,gpu1_fb_used_max_gib,swap_in_pages,host_cpu_busy,l1_warnings,avail_mb_after_launch,avail_mb_end
mc_small_dfits_n1_mps,small,dfits,1,mps,,True,True,1.04,0.562,8.18,8.18,10.47,1.56,1.56,8.18,1.56,273.82,273.82,273.8,0,0.1835,0.0159,0.1202,3.28,16,,0,48575,50028
mc_small_dfits_n1_mps_q3_omp4,small,dfits,1,mps,,True,True,1.04,0.562,7.75,7.75,9.58,1.59,1.59,7.75,1.59,410.56,410.56,410.6,0,0.2468,0.0206,0.1651,3.28,826,0.0221,0,53079,53406
mc_small_dfits_n1_mps_q4_omp4,small,dfits,1,mps,,True,True,1.04,0.562,6.93,6.93,9.53,1.62,1.62,6.93,1.62,546.97,546.97,547.0,0,0.2794,0.0226,0.1904,3.28,124,0.0248,0,53079,53412
mc_small_dfits_n1_mps_q6_omp4,small,dfits,1,mps,,True,True,1.04,0.562,6.81,6.81,9.42,1.64,1.64,6.81,1.64,819.11,819.11,819.1,0,0.3627,0.0273,0.2551,3.28,3,0.0325,0,53079,53392
mc_small_dfits_n1_mps_q8_omp4,small,dfits,1,mps,,True,True,1.04,0.562,6.82,6.82,9.03,1.66,1.66,6.82,1.66,1090.58,1090.58,1090.6,0,0.3856,0.0274,0.2783,3.28,9,0.0355,0,53079,53383
mc_small_dfits_n2_mps,small,dfits,2,mps,,True,True,1.04,0.562,8.5,8.52,10.54,1.79,1.8,8.52,1.8,273.88,252.06,525.9,0,0.3318,0.0294,0.2253,6.49,5,,0,42609,42729
mc_small_dfits_n3_mps,small,dfits,3,mps,,True,True,1.04,0.562,8.69,8.74,11.88,2.19,2.21,8.64,2.21,273.76,252.05,788.2,0,0.4736,0.0429,0.331,9.7,78,,0,35357,35412
mc_small_dfits_n4_mps,small,dfits,4,mps,,True,True,1.04,0.562,8.97,9.14,13.19,2.6,2.66,9.14,2.58,273.46,252.05,1044.8,0,0.5924,0.0547,0.4247,12.91,13,,0,28097,28037
mc_small_dfits_n4_mps_q3_omp4,small,dfits,4,mps,,True,True,1.04,0.562,10.27,10.49,14.7,3.11,3.15,10.49,3.15,409.2,377.84,1565.4,0,0.6991,0.0619,0.5132,12.91,5,0.1016,0,40103,40169
mc_small_dfits_n4_mps_q4_omp4,small,dfits,4,mps,,True,True,1.04,0.562,11.99,12.14,16.02,3.62,3.64,12.11,3.64,544.49,503.44,2084.5,0,0.7837,0.0658,0.5747,12.91,41,0.1249,0,40103,40132
mc_small_dfits_n4_mps_q6_omp4,small,dfits,4,mps,,True,True,1.04,0.562,13.88,14.07,17.47,4.23,4.24,14.07,4.24,812.85,753.97,3117.6,0,0.7419,0.0562,0.5278,12.91,10,0.1306,0,40103,40075
mc_small_dfits_n4_mps_q8_omp4,small,dfits,4,mps,,True,True,1.04,0.562,15.2,15.34,19.26,4.56,4.58,15.34,4.57,1078.35,1003.81,4144.1,0,0.6817,0.0498,0.475,12.91,12,0.1265,0,40103,40004
mc_small_dfits_n6_mps,small,dfits,6,mps,,True,True,1.04,0.562,11.21,11.68,19.23,3.63,3.75,11.39,3.6,273.16,230.05,1521.7,0,0.7559,0.0716,0.5573,19.32,5,0.1467,0,30742,30744
mc_small_dfits_n8_mps,small,dfits,8,mps,,False,True,1.04,0.562,16.63,17.45,26.98,5.6,5.88,17.27,5.7,272.53,229.97,2014.0,1,0.8632,0.0826,0.638,25.74,14,0.2262,0,21898,21862
mc_small_dfits_n8_mps_omp4,small,dfits,8,mps,,False,True,1.04,0.562,16.15,17.09,25.07,5.59,5.87,16.28,5.69,272.62,230.06,2014.5,1,0.8637,0.0826,0.6389,25.74,360,0.1955,0,22690,22452
mc_small_dfits_n8_mps_omp4_r2,small,dfits,8,mps,,True,True,1.04,0.562,16.05,16.96,25.39,5.6,5.88,16.44,5.67,272.58,230.06,2015.1,0,0.8638,0.0827,0.6388,25.74,83,0.1957,0,22584,22515
mc_small_dfits_n8_mps_omp4_r3,small,dfits,8,mps,,True,True,1.04,0.562,16.19,17.17,25.56,5.6,5.86,16.37,5.68,272.62,230.06,2015.4,0,0.8636,0.0826,0.6386,25.74,22,0.1956,0,22577,22475
mc_small_dfits_n8_mps_q3_omp4,small,dfits,8,mps,,True,True,1.04,0.562,21.26,21.84,28.91,7.07,7.16,21.69,7.11,407.26,344.76,3015.0,0,0.8586,0.0749,0.6302,25.74,138,0.2338,0,22559,22438
mc_small_dfits_n8_mps_q4_omp4,small,dfits,8,mps,,True,True,1.04,0.562,23.66,24.22,29.91,7.78,7.82,23.93,7.77,540.73,459.45,4010.6,0,0.8724,0.071,0.6382,25.74,30,0.254,0,22559,22295
mc_small_dfits_n8_mps_q6_omp4,small,dfits,8,mps,,True,True,1.04,0.562,26.11,26.67,33.06,8.59,8.65,26.23,8.59,803.76,688.3,5983.4,0,0.8889,0.0704,0.6425,25.74,39,0.2752,0,22559,22126
mc_small_dfits_n8_mps_q8_omp4,small,dfits,8,mps,,True,True,1.04,0.562,27.86,28.64,35.91,9.27,9.36,28.46,9.27,1060.94,916.0,7930.4,0,0.8069,0.0653,0.58,25.74,11,0.262,0,22559,21894
mc_small_dfits_n8_mps_r2,small,dfits,8,mps,,True,True,1.04,0.562,17.87,19.06,2869.86,5.7,5.93,18.5,5.84,267.82,225.23,1979.1,0,0.7835,0.0746,0.5818,25.74,12,0.3185,0,21898,21759
mc_small_dfits_n8_mps_r3,small,dfits,8,mps,,True,True,1.04,0.562,16.69,17.5,26.23,5.6,5.84,17.08,5.69,272.51,230.0,2014.8,0,0.863,0.0825,0.6382,25.74,63,0.227,0,22476,22256
mc_small_dfits_n8_mps_r4,small,dfits,8,mps,,True,True,1.04,0.562,17.56,18.35,1884.27,5.69,5.99,17.62,5.82,268.42,226.85,1986.7,0,0.813,0.0772,0.5998,25.74,182,0.2918,0,22362,22403
mc_small_doff_n1_mps,small,doff,1,mps,,True,True,1.04,3.375,47.79,47.79,89.33,1.6,1.6,47.79,1.6,273.91,273.91,273.9,0,0.1729,0.0147,0.1146,3.28,11,,0,48575,49979
mc_small_doff_n1_mps_omp4,small,doff,1,mps,,True,True,1.04,3.375,45.22,45.22,81.71,1.59,1.59,45.22,1.59,273.92,273.92,273.9,0,0.1739,0.0147,0.1152,3.28,83,0.0211,4979,50604,50675
mc_small_doff_n2_mps,small,doff,2,mps,,True,True,1.04,3.375,48.75,49.6,86.09,1.98,1.99,47.91,1.99,273.83,251.86,525.7,0,0.315,0.0273,0.2146,6.49,609,,0,42609,42570
mc_small_doff_n2_mps_omp4,small,doff,2,mps,,True,True,1.04,3.375,45.79,45.89,80.64,1.98,1.99,45.69,1.99,273.91,251.72,525.6,0,0.3166,0.0275,0.2156,6.49,164,0.0418,9958,43279,43248
mc_small_doff_n3_mps,small,doff,3,mps,,True,True,1.04,3.375,51.72,52.38,91.16,2.28,2.31,52.38,2.31,273.43,251.71,787.4,0,0.4486,0.0397,0.3141,9.7,4,,0,35357,35160
mc_small_doff_n3_mps_cpu,small,doff,3,mps,,True,True,1.04,3.375,51.57,52.39,93.83,2.28,2.31,52.39,2.31,273.34,251.73,787.3,0,0.4481,0.0397,0.3137,9.7,20,0.1313,14851,35217,35100
mc_small_doff_n3_mps_omp4,small,doff,3,mps,,True,True,1.04,3.375,47.8,48.42,82.88,2.26,2.29,48.42,2.29,273.76,251.92,788.1,0,0.4506,0.04,0.3158,9.7,33,0.0669,14837,35962,35880
mc_small_doff_n4_mps,small,doff,4,mps,,False,True,1.04,3.375,75222.21,103932.97,289224.3,34.73,49.22,38729.86,43.17,48.58,45.86,191.7,489,0.0529,0.0048,0.0382,12.91,43,,0,28097,27432
mc_small_doff_n4_mps_l1x2,small,doff,4,mps,,False,True,1.04,3.375,82575.31,84744.51,282946.58,23.11,63.85,82814.53,22.13,52.36,45.31,192.8,492,0.0538,0.0049,0.0388,12.91,159,0.9369,7430,23952,23344
mc_small_doff_n4_mps_omp4,small,doff,4,mps,,True,True,1.04,3.375,52.48,52.78,95.22,2.64,2.71,52.37,2.65,273.54,251.92,1044.7,0,0.5682,0.0513,0.4074,12.91,1,0.096,19890,27937,27704
mc_small_doff_n4_mps_r2,small,doff,4,mps,,False,True,1.04,3.375,73361.28,98284.43,269530.26,43.65,83.56,39031.29,42.18,48.86,43.12,180.4,531,0.0518,0.0047,0.0375,12.91,2039,0.9266,12167,27957,27392
mc_small_doff_n4_mps_thr,small,doff,4,mps,,False,True,1.04,3.375,122002.05,150022.41,270716.49,73.65,151.23,103842.31,151.23,40.96,34.92,158.2,619,0.0271,0.0025,0.0193,12.91,121,0.9742,11347,28565,28005
mc_small_doff_n4_mps_trace,small,doff,4,mps,,False,True,1.04,3.375,65563.13,88717.71,279501.13,23.03,50.71,31462.18,35.17,48.81,43.19,178.7,537,0.0512,0.0046,0.0372,12.91,3,0.9277,12211,27945,27431
mc_small_doff_n5_mps_omp4,small,doff,5,mps,,True,True,1.04,3.375,56.73,57.68,101.24,3.12,3.2,56.11,3.09,273.37,247.47,1291.6,0,0.6761,0.0623,0.4921,16.11,142,0.1344,24963,20700,20226
mc_small_doff_n6_mps_omp4,small,doff,6,mps,,True,True,1.04,3.375,60.11,61.7,116.39,3.66,3.8,61.56,3.7,272.06,230.06,1520.3,0,0.7292,0.0681,0.5356,19.32,29262,0.1583,30033,20170,16719
mc_small_ffits_n1_mps,small,ffits,1,mps,,True,True,1.04,0.562,9.33,9.33,12.26,1.53,1.53,9.33,1.53,273.76,273.76,273.8,0,0.186,0.0163,0.1204,3.28,2,,0,48575,49905
mc_small_ffits_n2_mps,small,ffits,2,mps,,True,True,1.04,0.562,9.68,9.74,13.29,1.72,1.73,9.62,1.73,273.89,251.96,525.9,0,0.3358,0.0302,0.2262,6.49,60,,0,42609,42465
mc_small_ffits_n3_mps,small,ffits,3,mps,,True,True,1.04,0.562,9.86,9.91,14.03,2.19,2.21,9.91,2.21,273.63,251.97,788.0,0,0.476,0.0438,0.3304,9.7,11,,0,35357,34981
mc_small_ffits_n4_mps,small,ffits,4,mps,,True,True,1.04,0.562,10.46,10.82,15.65,2.6,2.65,10.82,2.59,273.48,251.98,1044.6,0,0.5997,0.0564,0.4264,12.91,12,,0,28097,27207
mc_small_ffits_n6_mps,small,ffits,6,mps,,True,True,1.04,0.562,12.5,13.02,19.69,3.65,3.79,12.98,3.63,272.97,230.04,1521.6,0,0.7582,0.0742,0.5546,19.33,11,0.1216,0,30742,30420
mc_small_ffits_n8_mps,small,ffits,8,mps,,True,True,1.04,0.562,17.3,18.11,24.91,5.64,5.92,17.73,5.7,272.59,230.05,2015.2,0,0.8605,0.0852,0.6301,25.75,22,0.1889,0,21898,21496
mc_small_ffits_n8_mps_omp4,small,ffits,8,mps,,True,True,1.04,0.562,17.21,17.98,25.64,5.62,5.9,17.88,5.69,272.45,230.06,2015.1,0,0.8609,0.0852,0.631,25.75,501,0.1888,0,22690,22276
mc_small_foff_n1_mps,small,foff,1,mps,,True,True,1.04,3.375,10.74,10.74,59.95,1.57,1.57,10.74,1.57,273.9,273.9,273.9,0,0.1788,0.0155,0.1172,3.29,9,,0,48575,49879
mc_small_foff_n1_mps_omp4,small,foff,1,mps,,True,True,1.04,3.375,10.84,10.84,56.43,1.57,1.57,10.84,1.57,273.9,273.9,273.9,0,0.1789,0.0155,0.1172,3.29,90,0.0184,2778,50604,50561
mc_small_foff_n2_mps,small,foff,2,mps,,True,True,1.04,3.375,10.75,11.19,61.67,1.88,1.92,11.19,1.92,273.84,251.96,525.8,0,0.3256,0.0288,0.2176,6.49,8,,0,42609,42390
mc_small_foff_n2_mps_omp4,small,foff,2,mps,,True,True,1.04,3.375,10.8,11.29,58.83,1.86,1.9,11.29,1.9,273.87,251.94,525.8,0,0.3261,0.0289,0.2201,6.5,53,0.0362,5076,43279,43086
mc_small_foff_n3_mps,small,foff,3,mps,,True,True,1.04,3.375,11.21,11.83,69.97,2.23,2.26,11.83,2.26,273.56,251.97,787.8,0,0.4613,0.042,0.3203,9.7,58,,0,35357,34892
mc_small_foff_n3_mps_cpu,small,foff,3,mps,,True,True,1.04,3.375,11.35,11.66,71.8,2.23,2.25,11.66,2.25,273.56,251.87,787.7,0,0.4643,0.0422,0.3222,9.7,16,0.0891,7225,35217,34828
mc_small_foff_n3_mps_omp4,small,foff,3,mps,,True,True,1.04,3.375,11.29,11.8,63.17,2.23,2.26,11.8,2.26,273.51,251.99,787.9,0,0.4655,0.0424,0.3233,9.7,324,0.0584,7225,35962,35601
mc_small_foff_n4_mps,small,foff,4,mps,,True,True,1.04,3.375,12.86,13.81,79.81,2.62,2.67,13.81,2.62,272.87,251.78,1042.9,0,0.5856,0.0541,0.4157,12.91,495,,0,28097,27048
mc_small_foff_n4_mps_omp4,small,foff,4,mps,,True,True,1.04,3.375,12.66,13.7,68.5,2.61,2.66,13.7,2.6,273.51,251.98,1044.7,0,0.5864,0.0546,0.4174,12.92,393,0.0836,9817,42748,28437
mc_small_foff_n5_mps_omp4,small,foff,5,mps,,True,True,1.04,3.375,14.43,15.26,74.82,3.11,3.17,15.26,3.09,273.21,247.6,1291.7,0,0.6951,0.0662,0.5023,16.12,47,0.1168,12187,20700,19756
mc_small_foff_n6_mps_omp4,small,foff,6,mps,,True,True,1.04,3.375,16.36,18.61,85.39,3.66,3.73,18.61,3.71,272.73,230.02,1521.2,0,0.7426,0.0719,0.542,19.33,5402,0.1395,14606,20170,16874
