name,cohort,cell,n,arm,i,role,kv_gib,ttft_p50_ms,ttft_p95_ms,tpot_p50_ms,tpot_p95_ms,itl_p50_ms,tok_per_s,n_ok,n_failed,prefix_hit_rate,preemptions,l1_warnings
mc_small_dfits_n1_mps,small,dfits,1,mps,0,plain,1.04,8.18,10.47,1.56,1.67,1.53,273.82,300,0,0.9974,0.0,0
mc_small_dfits_n2_mps,small,dfits,2,mps,0,plain,1.04,8.52,10.54,1.8,2.36,1.73,273.88,300,0,0.9974,0.0,0
mc_small_dfits_n2_mps,small,dfits,2,mps,1,plain,1.04,8.49,10.03,1.77,2.37,1.72,252.06,300,0,0.9974,0.0,0
mc_small_dfits_n3_mps,small,dfits,3,mps,0,plain,1.04,8.64,11.88,2.21,2.99,2.26,273.76,300,0,0.9974,0.0,0
mc_small_dfits_n3_mps,small,dfits,3,mps,1,plain,1.04,8.74,11.51,2.17,2.91,2.24,252.05,300,0,0.9974,0.0,0
mc_small_dfits_n3_mps,small,dfits,3,mps,2,plain,1.04,8.69,11.86,2.2,2.96,2.26,262.36,300,0,0.9974,0.0,0
mc_small_dfits_n4_mps,small,dfits,4,mps,0,plain,1.04,9.14,13.19,2.58,3.59,2.53,273.46,300,0,0.9974,0.0,0
mc_small_dfits_n4_mps,small,dfits,4,mps,1,plain,1.04,8.9,12.94,2.59,3.49,2.54,252.05,300,0,0.9974,0.0,0
mc_small_dfits_n4_mps,small,dfits,4,mps,2,plain,1.04,8.84,12.84,2.66,3.54,2.54,262.44,300,0,0.9974,0.0,0
mc_small_dfits_n4_mps,small,dfits,4,mps,3,plain,1.04,9.02,12.35,2.57,3.47,2.5,256.89,300,0,0.9974,0.0,0
mc_small_dfits_n6_mps,small,dfits,6,mps,0,plain,1.04,11.39,18.39,3.6,5.15,3.5,273.16,300,0,0.9974,0.0,0
mc_small_dfits_n6_mps,small,dfits,6,mps,1,plain,1.04,11.42,18.15,3.73,5.15,3.74,252.03,300,0,0.9974,0.0,0
mc_small_dfits_n6_mps,small,dfits,6,mps,2,plain,1.04,11.43,19.23,3.75,5.18,3.73,262.22,300,0,0.9974,0.0,0
mc_small_dfits_n6_mps,small,dfits,6,mps,3,plain,1.04,10.74,18.02,3.66,5.1,3.5,256.71,300,0,0.9974,0.0,0
mc_small_dfits_n6_mps,small,dfits,6,mps,4,plain,1.04,11.68,19.14,3.64,5.05,3.47,247.52,300,0,0.9974,0.0,0
mc_small_dfits_n6_mps,small,dfits,6,mps,5,plain,1.04,10.6,17.87,3.38,4.98,3.34,230.05,300,0,0.9974,0.0,0
mc_small_dfits_n8_mps,small,dfits,8,mps,0,plain,1.04,17.27,24.39,5.7,7.1,5.67,272.53,300,0,0.9974,0.0,0
mc_small_dfits_n8_mps,small,dfits,8,mps,1,plain,1.04,17.28,24.68,5.6,7.17,5.59,251.88,300,0,0.9974,0.0,0
mc_small_dfits_n8_mps,small,dfits,8,mps,2,plain,1.04,17.2,23.72,5.67,7.17,5.61,262.04,300,0,0.9974,0.0,0
mc_small_dfits_n8_mps,small,dfits,8,mps,3,plain,1.04,16.23,24.15,5.59,7.02,5.54,256.62,300,0,0.9974,0.0,0
mc_small_dfits_n8_mps,small,dfits,8,mps,4,plain,1.04,16.59,26.45,5.5,7.07,5.53,246.62,299,1,0.9974,0.0,0
mc_small_dfits_n8_mps,small,dfits,8,mps,5,plain,1.04,15.18,23.95,5.4,6.89,5.26,229.97,300,0,0.9974,0.0,0
mc_small_dfits_n8_mps,small,dfits,8,mps,6,plain,1.04,17.45,24.9,5.88,6.98,5.72,261.78,300,0,0.9974,0.0,0
mc_small_dfits_n8_mps,small,dfits,8,mps,7,plain,1.04,15.86,26.98,5.44,7.14,5.38,232.55,300,0,0.9974,0.0,0
mc_small_dfits_n8_mps_r2,small,dfits,8,mps,0,plain,1.04,18.5,2849.25,5.84,30.48,5.58,267.82,300,0,0.9974,0.0,0
mc_small_dfits_n8_mps_r2,small,dfits,8,mps,1,plain,1.04,18.46,1206.41,5.71,13.19,5.49,247.15,300,0,0.9974,0.0,0
mc_small_dfits_n8_mps_r2,small,dfits,8,mps,2,plain,1.04,17.93,2869.86,5.84,27.46,5.57,260.54,300,0,0.9974,0.0,0
mc_small_dfits_n8_mps_r2,small,dfits,8,mps,3,plain,1.04,17.31,892.8,5.61,7.56,5.45,252.7,300,0,0.9974,0.0,0
mc_small_dfits_n8_mps_r2,small,dfits,8,mps,4,plain,1.04,18.28,1390.82,5.64,18.54,5.3,242.73,300,0,0.9974,0.0,0
mc_small_dfits_n8_mps_r2,small,dfits,8,mps,5,plain,1.04,16.37,2101.37,5.57,38.01,5.06,225.23,300,0,0.9974,0.0,0
mc_small_dfits_n8_mps_r2,small,dfits,8,mps,6,plain,1.04,19.06,2194.85,5.93,19.99,5.68,253.8,300,0,0.9974,0.0,0
mc_small_dfits_n8_mps_r2,small,dfits,8,mps,7,plain,1.04,17.05,1455.69,5.49,9.01,5.06,229.17,300,0,0.9974,0.0,0
mc_small_doff_n1_mps,small,doff,1,mps,0,plain,1.04,47.79,89.33,1.6,2.02,1.54,273.91,300,0,0.3052,0.0,0
mc_small_doff_n2_mps,small,doff,2,mps,0,plain,1.04,47.91,86.09,1.99,2.59,1.74,273.83,300,0,0.3052,0.0,0
mc_small_doff_n2_mps,small,doff,2,mps,1,plain,1.04,49.6,72.61,1.97,2.8,1.73,251.86,300,0,0.3097,0.0,0
mc_small_doff_n3_mps,small,doff,3,mps,0,plain,1.04,52.38,91.16,2.31,3.22,2.24,273.43,300,0,0.3052,0.0,0
mc_small_doff_n3_mps,small,doff,3,mps,1,plain,1.04,51.52,83.5,2.23,3.42,2.16,251.71,300,0,0.3098,0.0,0
mc_small_doff_n3_mps,small,doff,3,mps,2,plain,1.04,51.26,89.95,2.3,3.23,2.19,262.25,300,0,0.3212,0.0,0
mc_small_doff_n3_mps_cpu,small,doff,3,mps,0,plain,1.04,52.39,93.83,2.31,3.18,2.24,273.34,300,0,0.3052,0.0,5000
mc_small_doff_n3_mps_cpu,small,doff,3,mps,1,plain,1.04,51.67,91.69,2.23,3.4,2.16,251.73,300,0,0.3097,0.0,4971
mc_small_doff_n3_mps_cpu,small,doff,3,mps,2,plain,1.04,50.64,89.98,2.29,3.21,2.18,262.24,300,0,0.3212,0.0,4880
mc_small_doff_n4_mps,small,doff,4,mps,0,plain,1.04,38729.86,261028.16,43.17,210.49,2.61,48.58,177,123,0.0668,0.0,0
mc_small_doff_n4_mps,small,doff,4,mps,1,plain,1.04,103932.97,289224.3,3.12,333.91,2.68,49.17,185,115,0.0676,0.0,0
mc_small_doff_n4_mps,small,doff,4,mps,2,plain,1.04,84901.8,261596.63,43.43,363.96,2.57,45.86,168,132,0.0781,0.0,0
mc_small_doff_n4_mps,small,doff,4,mps,3,plain,1.04,73324.22,266548.9,49.22,245.62,2.51,48.13,181,119,0.0642,0.0,0
mc_small_doff_n4_mps_l1x2,small,doff,4,mps,0,plain,1.04,82814.53,271631.8,22.13,200.5,2.57,52.36,188,112,0.0528,0.0,2226
mc_small_doff_n4_mps_l1x2,small,doff,4,mps,1,plain,1.04,84744.51,282946.58,3.26,329.29,2.71,49.13,185,115,0.0615,0.0,1832
mc_small_doff_n4_mps_l1x2,small,doff,4,mps,2,plain,1.04,82725.1,272489.28,3.21,283.25,2.62,45.97,168,132,0.0711,0.0,1554
mc_small_doff_n4_mps_l1x2,small,doff,4,mps,3,plain,1.04,80017.1,252147.26,63.85,252.52,2.58,45.31,167,133,0.0604,0.0,1818
mc_small_doff_n4_mps_omp4,small,doff,4,mps,0,plain,1.04,52.37,84.57,2.65,3.78,2.45,273.54,300,0,0.3053,0.0,5000
mc_small_doff_n4_mps_omp4,small,doff,4,mps,1,plain,1.04,52.78,80.94,2.63,4.07,2.47,251.92,300,0,0.3097,0.0,4971
mc_small_doff_n4_mps_omp4,small,doff,4,mps,2,plain,1.04,52.45,88.95,2.71,3.75,2.45,262.44,300,0,0.3212,0.0,4880
mc_small_doff_n4_mps_omp4,small,doff,4,mps,3,plain,1.04,52.3,95.22,2.56,3.72,2.42,256.77,300,0,0.2976,0.0,5039
mc_small_doff_n4_mps_r2,small,doff,4,mps,0,plain,1.04,39031.29,254976.34,42.18,277.9,2.49,48.86,177,123,0.0642,0.0,3465
mc_small_doff_n4_mps_r2,small,doff,4,mps,1,plain,1.04,98284.43,262343.71,3.06,379.25,2.55,43.12,162,138,0.0712,0.0,2853
mc_small_doff_n4_mps_r2,small,doff,4,mps,2,plain,1.04,90376.35,269530.26,45.81,366.33,2.49,45.19,168,132,0.0725,0.0,2992
mc_small_doff_n4_mps_r2,small,doff,4,mps,3,plain,1.04,65753.05,263683.67,83.56,277.06,2.47,43.2,162,138,0.0711,0.0,2857
mc_small_doff_n4_mps_trace,small,doff,4,mps,0,plain,1.04,31462.18,252393.49,35.17,180.74,2.52,48.81,177,123,0.065,0.0,3404
mc_small_doff_n4_mps_trace,small,doff,4,mps,1,plain,1.04,88717.71,255110.83,3.16,322.64,2.57,43.42,162,138,0.0754,0.0,3053
mc_small_doff_n4_mps_trace,small,doff,4,mps,2,plain,1.04,66006.01,279501.13,3.09,310.57,2.53,43.19,162,138,0.0754,0.0,2873
mc_small_doff_n4_mps_trace,small,doff,4,mps,3,plain,1.04,76066.64,260453.45,50.71,292.22,2.6,43.32,162,138,0.0768,0.0,2881
mc_small_ffits_n1_mps,small,ffits,1,mps,0,plain,1.04,9.33,12.26,1.53,1.65,1.51,273.76,300,0,0.9796,0.0,0
mc_small_ffits_n2_mps,small,ffits,2,mps,0,plain,1.04,9.62,12.45,1.73,2.31,1.64,273.89,300,0,0.9796,0.0,0
mc_small_ffits_n2_mps,small,ffits,2,mps,1,plain,1.04,9.74,13.29,1.71,2.32,1.63,251.96,300,0,0.9796,0.0,0
mc_small_ffits_n3_mps,small,ffits,3,mps,0,plain,1.04,9.91,13.66,2.21,3.04,2.25,273.63,300,0,0.9796,0.0,0
mc_small_ffits_n3_mps,small,ffits,3,mps,1,plain,1.04,9.88,14.03,2.17,2.93,2.23,251.97,300,0,0.9796,0.0,0
mc_small_ffits_n3_mps,small,ffits,3,mps,2,plain,1.04,9.78,13.92,2.2,2.97,2.25,262.35,300,0,0.9796,0.0,0
mc_small_ffits_n4_mps,small,ffits,4,mps,0,plain,1.04,10.82,15.02,2.59,3.61,2.54,273.48,300,0,0.9796,0.0,0
mc_small_ffits_n4_mps,small,ffits,4,mps,1,plain,1.04,10.32,15.65,2.61,3.57,2.55,251.98,300,0,0.9796,0.0,0
mc_small_ffits_n4_mps,small,ffits,4,mps,2,plain,1.04,10.38,15.13,2.65,3.61,2.55,262.38,300,0,0.9796,0.0,0
mc_small_ffits_n4_mps,small,ffits,4,mps,3,plain,1.04,10.34,14.7,2.57,3.47,2.51,256.8,300,0,0.9796,0.0,0
mc_small_ffits_n6_mps,small,ffits,6,mps,0,plain,1.04,12.98,19.46,3.63,5.17,3.53,272.97,300,0,0.9796,0.0,0
mc_small_ffits_n6_mps,small,ffits,6,mps,1,plain,1.04,13.02,19.37,3.73,5.16,3.79,252.0,300,0,0.9796,0.0,0
mc_small_ffits_n6_mps,small,ffits,6,mps,2,plain,1.04,12.34,19.69,3.79,5.2,3.78,262.27,300,0,0.9796,0.0,0
mc_small_ffits_n6_mps,small,ffits,6,mps,3,plain,1.04,12.08,19.42,3.67,5.15,3.51,256.7,300,0,0.9796,0.0,0
mc_small_ffits_n6_mps,small,ffits,6,mps,4,plain,1.04,12.6,19.28,3.67,5.12,3.5,247.59,300,0,0.9796,0.0,0
mc_small_ffits_n6_mps,small,ffits,6,mps,5,plain,1.04,11.99,18.93,3.4,5.0,3.34,230.04,300,0,0.9796,0.0,0
mc_small_ffits_n8_mps,small,ffits,8,mps,0,plain,1.04,17.73,24.91,5.7,7.15,5.7,272.59,300,0,0.9796,0.0,0
mc_small_ffits_n8_mps,small,ffits,8,mps,1,plain,1.04,18.1,24.37,5.65,7.19,5.63,251.9,300,0,0.9796,0.0,0
mc_small_ffits_n8_mps,small,ffits,8,mps,2,plain,1.04,17.7,23.88,5.75,7.2,5.67,262.1,300,0,0.9796,0.0,0
mc_small_ffits_n8_mps,small,ffits,8,mps,3,plain,1.04,17.42,24.17,5.66,7.07,5.58,256.71,300,0,0.9796,0.0,0
mc_small_ffits_n8_mps,small,ffits,8,mps,4,plain,1.04,17.27,24.56,5.53,7.06,5.58,247.48,300,0,0.9796,0.0,0
mc_small_ffits_n8_mps,small,ffits,8,mps,5,plain,1.04,15.7,23.96,5.43,6.94,5.36,230.05,300,0,0.9796,0.0,0
mc_small_ffits_n8_mps,small,ffits,8,mps,6,plain,1.04,18.11,24.24,5.92,6.97,5.77,261.82,300,0,0.9796,0.0,0
mc_small_ffits_n8_mps,small,ffits,8,mps,7,plain,1.04,16.39,24.82,5.49,7.13,5.46,232.6,300,0,0.9796,0.0,0
mc_small_foff_n1_mps,small,foff,1,mps,0,plain,1.04,10.74,59.95,1.57,2.02,1.51,273.9,300,0,0.5949,0.0,0
mc_small_foff_n2_mps,small,foff,2,mps,0,plain,1.04,11.19,61.63,1.92,2.6,1.73,273.84,300,0,0.5949,0.0,0
mc_small_foff_n2_mps,small,foff,2,mps,1,plain,1.04,10.3,61.67,1.83,2.51,1.72,251.96,300,0,0.6543,0.0,0
mc_small_foff_n3_mps,small,foff,3,mps,0,plain,1.04,11.83,69.97,2.26,3.28,2.23,273.56,300,0,0.5949,0.0,0
mc_small_foff_n3_mps,small,foff,3,mps,1,plain,1.04,11.05,67.73,2.18,3.16,2.21,251.97,300,0,0.6543,0.0,0
mc_small_foff_n3_mps,small,foff,3,mps,2,plain,1.04,10.75,67.17,2.25,3.07,2.23,262.28,300,0,0.6778,0.0,0
mc_small_foff_n3_mps_cpu,small,foff,3,mps,0,plain,1.04,11.66,71.8,2.25,3.31,2.23,273.56,300,0,0.5949,0.0,2777
mc_small_foff_n3_mps_cpu,small,foff,3,mps,1,plain,1.04,11.35,66.75,2.19,3.18,2.21,251.87,300,0,0.6543,0.0,2298
mc_small_foff_n3_mps_cpu,small,foff,3,mps,2,plain,1.04,11.03,68.26,2.24,3.08,2.23,262.22,300,0,0.6778,0.0,2150
mc_small_foff_n4_mps,small,foff,4,mps,0,plain,1.04,13.81,74.22,2.62,3.89,2.49,272.87,300,0,0.5949,0.0,0
mc_small_foff_n4_mps,small,foff,4,mps,1,plain,1.04,12.77,76.95,2.57,3.75,2.5,251.78,300,0,0.6543,0.0,0
mc_small_foff_n4_mps,small,foff,4,mps,2,plain,1.04,11.97,73.87,2.67,3.76,2.5,261.69,300,0,0.6778,0.0,0
mc_small_foff_n4_mps,small,foff,4,mps,3,plain,1.04,12.88,79.81,2.6,3.72,2.48,256.55,300,0,0.6248,0.0,0
